Primary,Census,Count
ASSAULT,1.0,80.0
ASSAULT,2.0,15.0
ASSAULT,3.0,23.0
ASSAULT,4.0,19.0
ASSAULT,5.0,12.0
ASSAULT,6.0,13.0
ASSAULT,7.0,54.0
ASSAULT,8.0,5.0
ASSAULT,9.0,40.0
ASSAULT,10.0,57.0
ASSAULT,11.0,60.0
ASSAULT,12.0,21.0
ASSAULT,13.0,19.0
ASSAULT,14.0,9.0
ASSAULT,15.0,10.0
ASSAULT,16.0,20.0
ASSAULT,17.0,11.0
ASSAULT,18.0,2.0
ASSAULT,19.0,17.0
ASSAULT,20.0,11.0
ASSAULT,21.0,51.0
ASSAULT,22.0,39.0
ASSAULT,23.0,5.0
ASSAULT,24.0,21.0
ASSAULT,25.0,6.0
ASSAULT,26.0,6.0
ASSAULT,27.0,28.0
ASSAULT,28.0,20.0
ASSAULT,29.0,15.0
ASSAULT,30.0,16.0
ASSAULT,31.0,16.0
ASSAULT,32.0,3.0
ASSAULT,33.0,97.0
ASSAULT,34.0,59.0
ASSAULT,35.0,33.0
ASSAULT,36.0,43.0
ASSAULT,37.0,45.0
ASSAULT,38.0,38.0
ASSAULT,39.0,20.0
ASSAULT,40.0,18.0
ASSAULT,41.0,12.0
ASSAULT,42.0,12.0
ASSAULT,43.0,6.0
ASSAULT,44.0,6.0
ASSAULT,45.0,5.0
ASSAULT,46.0,5.0
ASSAULT,47.0,7.0
ASSAULT,48.0,5.0
ASSAULT,49.0,9.0
ASSAULT,50.0,25.0
ASSAULT,51.0,37.0
ASSAULT,52.0,34.0
ASSAULT,53.0,18.0
ASSAULT,54.0,7.0
ASSAULT,55.0,18.0
ASSAULT,56.0,12.0
ASSAULT,57.0,30.0
ASSAULT,58.0,17.0
ASSAULT,59.0,16.0
ASSAULT,60.0,53.0
ASSAULT,61.0,66.0
ASSAULT,62.0,23.0
ASSAULT,63.0,20.0
ASSAULT,64.0,1.0
ASSAULT,65.0,10.0
ASSAULT,66.0,4.0
ASSAULT,67.0,17.0
ASSAULT,68.0,73.0
ASSAULT,69.0,113.0
ASSAULT,70.0,10.0
ASSAULT,71.0,9.0
ASSAULT,72.0,13.0
ASSAULT,73.0,16.0
ASSAULT,74.0,16.0
ASSAULT,75.0,10.0
ASSAULT,76.0,15.0
ASSAULT,77.0,24.0
ASSAULT,78.0,16.0
ASSAULT,79.0,3.0
ASSAULT,80.0,22.0
ASSAULT,81.0,11.0
ASSAULT,82.0,12.0
ASSAULT,83.0,5.0
ASSAULT,84.0,25.0
ASSAULT,85.0,41.0
ASSAULT,86.0,6.0
ASSAULT,87.0,10.0
ASSAULT,88.0,2.0
ASSAULT,89.0,38.0
ASSAULT,90.0,32.0
ASSAULT,91.0,16.0
ASSAULT,92.0,106.0
ASSAULT,93.0,3.0
ASSAULT,94.0,11.0
ASSAULT,95.0,4.0
ASSAULT,96.0,47.0
ASSAULT,97.0,61.0
ASSAULT,98.0,78.0
ASSAULT,99.0,54.0
ASSAULT,100.0,4.0
ASSAULT,101.0,5.0
ASSAULT,103.0,1.0
ASSAULT,104.0,20.0
ASSAULT,105.0,3.0
ASSAULT,106.0,5.0
ASSAULT,107.0,19.0
ASSAULT,108.0,28.0
ASSAULT,109.0,20.0
ASSAULT,110.0,9.0
ASSAULT,111.0,67.0
ASSAULT,112.0,30.0
ASSAULT,113.0,45.0
ASSAULT,114.0,14.0
ASSAULT,115.0,16.0
ASSAULT,116.0,1.0
ASSAULT,117.0,12.0
ASSAULT,118.0,9.0
ASSAULT,119.0,20.0
ASSAULT,120.0,7.0
ASSAULT,121.0,33.0
ASSAULT,122.0,45.0
ASSAULT,123.0,32.0
ASSAULT,124.0,17.0
ASSAULT,125.0,26.0
ASSAULT,126.0,34.0
ASSAULT,127.0,11.0
ASSAULT,128.0,4.0
ASSAULT,129.0,12.0
ASSAULT,130.0,1.0
ASSAULT,131.0,5.0
ASSAULT,132.0,28.0
ASSAULT,133.0,60.0
ASSAULT,134.0,36.0
ASSAULT,135.0,27.0
ASSAULT,136.0,29.0
ASSAULT,137.0,19.0
ASSAULT,138.0,32.0
ASSAULT,139.0,10.0
ASSAULT,140.0,29.0
ASSAULT,141.0,62.0
ASSAULT,142.0,14.0
ASSAULT,144.0,7.0
ASSAULT,145.0,7.0
ASSAULT,146.0,14.0
ASSAULT,147.0,3.0
ASSAULT,148.0,10.0
ASSAULT,149.0,8.0
ASSAULT,150.0,36.0
ASSAULT,151.0,23.0
ASSAULT,152.0,49.0
ASSAULT,153.0,3.0
ASSAULT,154.0,6.0
ASSAULT,155.0,7.0
ASSAULT,156.0,9.0
ASSAULT,157.0,19.0
ASSAULT,158.0,13.0
ASSAULT,159.0,18.0
ASSAULT,160.0,7.0
ASSAULT,161.0,20.0
ASSAULT,162.0,15.0
ASSAULT,163.0,31.0
ASSAULT,164.0,20.0
ASSAULT,165.0,19.0
ASSAULT,166.0,54.0
ASSAULT,167.0,15.0
ASSAULT,168.0,7.0
ASSAULT,169.0,3.0
ASSAULT,171.0,22.0
ASSAULT,172.0,5.0
ASSAULT,173.0,6.0
ASSAULT,174.0,33.0
ASSAULT,175.0,37.0
ASSAULT,176.0,37.0
ASSAULT,177.0,56.0
ASSAULT,178.0,2.0
ASSAULT,179.0,4.0
ASSAULT,180.0,8.0
ASSAULT,182.0,14.0
ASSAULT,183.0,21.0
ASSAULT,184.0,32.0
ASSAULT,185.0,2.0
ASSAULT,186.0,7.0
ASSAULT,187.0,51.0
ASSAULT,188.0,66.0
ASSAULT,189.0,27.0
ASSAULT,190.0,17.0
ASSAULT,191.0,10.0
ASSAULT,192.0,15.0
ASSAULT,193.0,14.0
ASSAULT,194.0,32.0
ASSAULT,195.0,44.0
ASSAULT,196.0,17.0
ASSAULT,197.0,9.0
ASSAULT,198.0,12.0
ASSAULT,199.0,25.0
ASSAULT,200.0,12.0
ASSAULT,201.0,19.0
ASSAULT,202.0,14.0
ASSAULT,203.0,21.0
ASSAULT,204.0,25.0
ASSAULT,205.0,13.0
ASSAULT,206.0,10.0
ASSAULT,207.0,5.0
ASSAULT,208.0,1.0
ASSAULT,209.0,9.0
ASSAULT,210.0,12.0
ASSAULT,211.0,8.0
ASSAULT,212.0,2.0
ASSAULT,213.0,5.0
ASSAULT,214.0,3.0
ASSAULT,215.0,9.0
ASSAULT,216.0,8.0
ASSAULT,217.0,7.0
ASSAULT,218.0,40.0
ASSAULT,219.0,3.0
ASSAULT,220.0,19.0
ASSAULT,221.0,8.0
ASSAULT,222.0,9.0
ASSAULT,223.0,6.0
ASSAULT,224.0,36.0
ASSAULT,225.0,3.0
ASSAULT,226.0,31.0
ASSAULT,227.0,8.0
ASSAULT,228.0,5.0
ASSAULT,229.0,24.0
ASSAULT,230.0,10.0
ASSAULT,231.0,12.0
ASSAULT,232.0,3.0
ASSAULT,233.0,4.0
ASSAULT,234.0,15.0
ASSAULT,235.0,18.0
ASSAULT,236.0,45.0
ASSAULT,237.0,33.0
ASSAULT,238.0,8.0
ASSAULT,239.0,3.0
ASSAULT,240.0,17.0
ASSAULT,241.0,44.0
ASSAULT,242.0,8.0
ASSAULT,243.0,26.0
ASSAULT,244.0,61.0
ASSAULT,245.0,76.0
ASSAULT,246.0,63.0
ASSAULT,247.0,113.0
ASSAULT,248.0,19.0
ASSAULT,249.0,10.0
ASSAULT,250.0,4.0
ASSAULT,251.0,7.0
ASSAULT,252.0,58.0
ASSAULT,253.0,65.0
ASSAULT,254.0,19.0
ASSAULT,255.0,66.0
ASSAULT,256.0,3.0
ASSAULT,257.0,8.0
ASSAULT,258.0,15.0
ASSAULT,259.0,23.0
ASSAULT,260.0,21.0
ASSAULT,261.0,16.0
ASSAULT,262.0,14.0
ASSAULT,263.0,33.0
ASSAULT,264.0,2.0
ASSAULT,265.0,11.0
ASSAULT,266.0,13.0
ASSAULT,267.0,9.0
ASSAULT,268.0,7.0
ASSAULT,269.0,6.0
ASSAULT,270.0,7.0
ASSAULT,271.0,15.0
ASSAULT,272.0,2.0
ASSAULT,274.0,37.0
ASSAULT,275.0,14.0
ASSAULT,276.0,26.0
ASSAULT,277.0,33.0
ASSAULT,278.0,34.0
ASSAULT,279.0,28.0
ASSAULT,280.0,42.0
ASSAULT,281.0,58.0
ASSAULT,282.0,27.0
ASSAULT,283.0,63.0
ASSAULT,284.0,49.0
ASSAULT,285.0,21.0
ASSAULT,286.0,82.0
ASSAULT,287.0,4.0
ASSAULT,288.0,22.0
ASSAULT,289.0,8.0
ASSAULT,290.0,9.0
ASSAULT,291.0,27.0
ASSAULT,292.0,19.0
ASSAULT,293.0,22.0
ASSAULT,294.0,14.0
ASSAULT,295.0,5.0
ASSAULT,296.0,22.0
ASSAULT,297.0,31.0
ASSAULT,298.0,7.0
ASSAULT,299.0,9.0
ASSAULT,300.0,5.0
ASSAULT,301.0,29.0
ASSAULT,302.0,33.0
ASSAULT,303.0,18.0
ASSAULT,304.0,26.0
ASSAULT,305.0,4.0
ASSAULT,306.0,24.0
ASSAULT,307.0,18.0
ASSAULT,308.0,5.0
ASSAULT,309.0,32.0
ASSAULT,310.0,18.0
ASSAULT,311.0,11.0
ASSAULT,312.0,11.0
ASSAULT,314.0,3.0
ASSAULT,315.0,26.0
ASSAULT,316.0,5.0
ASSAULT,317.0,14.0
ASSAULT,318.0,11.0
ASSAULT,319.0,73.0
ASSAULT,320.0,30.0
ASSAULT,321.0,8.0
ASSAULT,322.0,22.0
ASSAULT,323.0,3.0
ASSAULT,324.0,5.0
ASSAULT,325.0,20.0
ASSAULT,326.0,7.0
ASSAULT,327.0,4.0
ASSAULT,328.0,9.0
ASSAULT,329.0,14.0
ASSAULT,330.0,12.0
ASSAULT,331.0,24.0
ASSAULT,332.0,90.0
ASSAULT,333.0,54.0
ASSAULT,335.0,9.0
ASSAULT,336.0,5.0
ASSAULT,337.0,4.0
ASSAULT,338.0,5.0
ASSAULT,339.0,18.0
ASSAULT,340.0,25.0
ASSAULT,341.0,14.0
ASSAULT,342.0,18.0
ASSAULT,343.0,14.0
ASSAULT,344.0,17.0
ASSAULT,345.0,22.0
ASSAULT,346.0,6.0
ASSAULT,347.0,33.0
ASSAULT,348.0,25.0
ASSAULT,349.0,22.0
ASSAULT,350.0,7.0
ASSAULT,351.0,5.0
ASSAULT,352.0,5.0
ASSAULT,353.0,6.0
ASSAULT,354.0,10.0
ASSAULT,355.0,24.0
ASSAULT,356.0,7.0
ASSAULT,357.0,13.0
ASSAULT,358.0,14.0
ASSAULT,359.0,8.0
ASSAULT,360.0,12.0
ASSAULT,361.0,18.0
ASSAULT,362.0,3.0
ASSAULT,363.0,8.0
ASSAULT,364.0,6.0
ASSAULT,365.0,34.0
ASSAULT,366.0,30.0
ASSAULT,367.0,31.0
ASSAULT,368.0,16.0
ASSAULT,369.0,4.0
ASSAULT,370.0,25.0
ASSAULT,371.0,5.0
ASSAULT,372.0,15.0
ASSAULT,373.0,4.0
ASSAULT,374.0,50.0
ASSAULT,375.0,2.0
ASSAULT,376.0,10.0
ASSAULT,377.0,15.0
ASSAULT,378.0,43.0
ASSAULT,379.0,5.0
ASSAULT,380.0,8.0
ASSAULT,381.0,68.0
ASSAULT,382.0,63.0
ASSAULT,383.0,62.0
ASSAULT,384.0,22.0
ASSAULT,385.0,29.0
ASSAULT,386.0,5.0
ASSAULT,387.0,7.0
ASSAULT,388.0,6.0
ASSAULT,389.0,9.0
ASSAULT,390.0,14.0
ASSAULT,391.0,7.0
ASSAULT,392.0,7.0
ASSAULT,393.0,5.0
ASSAULT,394.0,7.0
ASSAULT,395.0,8.0
ASSAULT,396.0,12.0
ASSAULT,397.0,4.0
ASSAULT,398.0,26.0
ASSAULT,399.0,5.0
ASSAULT,400.0,14.0
ASSAULT,401.0,30.0
ASSAULT,402.0,39.0
ASSAULT,403.0,42.0
ASSAULT,404.0,34.0
ASSAULT,405.0,2.0
ASSAULT,406.0,42.0
ASSAULT,407.0,13.0
ASSAULT,408.0,28.0
ASSAULT,409.0,23.0
ASSAULT,410.0,55.0
ASSAULT,411.0,13.0
ASSAULT,412.0,1.0
ASSAULT,413.0,2.0
ASSAULT,414.0,5.0
ASSAULT,415.0,5.0
ASSAULT,416.0,31.0
ASSAULT,417.0,13.0
ASSAULT,418.0,9.0
ASSAULT,419.0,21.0
ASSAULT,420.0,22.0
ASSAULT,421.0,49.0
ASSAULT,422.0,9.0
ASSAULT,423.0,7.0
ASSAULT,424.0,2.0
ASSAULT,425.0,8.0
ASSAULT,426.0,13.0
ASSAULT,427.0,8.0
ASSAULT,428.0,19.0
ASSAULT,429.0,19.0
ASSAULT,430.0,34.0
ASSAULT,431.0,34.0
ASSAULT,432.0,18.0
ASSAULT,433.0,47.0
ASSAULT,434.0,27.0
ASSAULT,435.0,67.0
ASSAULT,436.0,55.0
ASSAULT,437.0,3.0
ASSAULT,438.0,1.0
ASSAULT,439.0,22.0
ASSAULT,440.0,6.0
ASSAULT,441.0,2.0
ASSAULT,442.0,3.0
ASSAULT,443.0,9.0
ASSAULT,444.0,6.0
ASSAULT,445.0,9.0
ASSAULT,446.0,15.0
ASSAULT,447.0,21.0
ASSAULT,448.0,23.0
ASSAULT,449.0,29.0
ASSAULT,450.0,11.0
ASSAULT,451.0,40.0
ASSAULT,452.0,46.0
ASSAULT,453.0,18.0
ASSAULT,454.0,50.0
ASSAULT,455.0,33.0
ASSAULT,456.0,82.0
ASSAULT,457.0,4.0
ASSAULT,458.0,8.0
ASSAULT,459.0,8.0
ASSAULT,460.0,6.0
ASSAULT,461.0,21.0
ASSAULT,462.0,5.0
ASSAULT,463.0,9.0
ASSAULT,464.0,13.0
ASSAULT,465.0,8.0
ASSAULT,466.0,5.0
ASSAULT,467.0,4.0
ASSAULT,468.0,2.0
ASSAULT,469.0,9.0
ASSAULT,470.0,11.0
ASSAULT,471.0,14.0
ASSAULT,472.0,39.0
ASSAULT,473.0,11.0
ASSAULT,474.0,33.0
ASSAULT,475.0,40.0
ASSAULT,476.0,2.0
ASSAULT,477.0,2.0
ASSAULT,478.0,35.0
ASSAULT,479.0,45.0
ASSAULT,480.0,14.0
ASSAULT,481.0,26.0
ASSAULT,482.0,11.0
ASSAULT,483.0,20.0
ASSAULT,484.0,9.0
ASSAULT,485.0,5.0
ASSAULT,486.0,23.0
ASSAULT,487.0,67.0
ASSAULT,488.0,6.0
ASSAULT,489.0,25.0
ASSAULT,490.0,12.0
ASSAULT,491.0,12.0
ASSAULT,492.0,35.0
ASSAULT,493.0,29.0
ASSAULT,494.0,87.0
ASSAULT,495.0,63.0
ASSAULT,496.0,49.0
ASSAULT,497.0,47.0
ASSAULT,498.0,28.0
ASSAULT,499.0,10.0
ASSAULT,500.0,11.0
ASSAULT,501.0,10.0
ASSAULT,502.0,17.0
ASSAULT,504.0,33.0
ASSAULT,505.0,39.0
ASSAULT,506.0,26.0
ASSAULT,507.0,47.0
ASSAULT,508.0,16.0
ASSAULT,509.0,27.0
ASSAULT,510.0,14.0
ASSAULT,511.0,40.0
ASSAULT,512.0,66.0
ASSAULT,513.0,22.0
ASSAULT,514.0,74.0
ASSAULT,515.0,50.0
ASSAULT,516.0,1.0
ASSAULT,517.0,1.0
ASSAULT,518.0,8.0
ASSAULT,519.0,10.0
ASSAULT,520.0,5.0
ASSAULT,521.0,12.0
ASSAULT,522.0,7.0
ASSAULT,523.0,22.0
ASSAULT,524.0,82.0
ASSAULT,525.0,46.0
ASSAULT,526.0,7.0
ASSAULT,527.0,19.0
ASSAULT,528.0,26.0
ASSAULT,529.0,38.0
ASSAULT,530.0,61.0
ASSAULT,531.0,30.0
ASSAULT,532.0,37.0
ASSAULT,533.0,25.0
ASSAULT,534.0,8.0
ASSAULT,535.0,4.0
ASSAULT,536.0,10.0
ASSAULT,537.0,3.0
ASSAULT,538.0,6.0
ASSAULT,539.0,10.0
ASSAULT,540.0,14.0
ASSAULT,541.0,6.0
ASSAULT,542.0,11.0
ASSAULT,543.0,28.0
ASSAULT,544.0,11.0
ASSAULT,545.0,7.0
ASSAULT,546.0,10.0
ASSAULT,547.0,5.0
ASSAULT,548.0,2.0
ASSAULT,549.0,12.0
ASSAULT,550.0,11.0
ASSAULT,551.0,1.0
ASSAULT,552.0,8.0
ASSAULT,553.0,2.0
ASSAULT,554.0,20.0
ASSAULT,555.0,11.0
ASSAULT,556.0,24.0
ASSAULT,557.0,42.0
ASSAULT,558.0,27.0
ASSAULT,559.0,2.0
ASSAULT,560.0,2.0
ASSAULT,561.0,21.0
ASSAULT,562.0,45.0
ASSAULT,563.0,8.0
ASSAULT,564.0,4.0
ASSAULT,565.0,32.0
ASSAULT,566.0,9.0
ASSAULT,567.0,14.0
ASSAULT,568.0,19.0
ASSAULT,569.0,22.0
ASSAULT,570.0,43.0
ASSAULT,571.0,22.0
ASSAULT,572.0,99.0
ASSAULT,573.0,64.0
ASSAULT,574.0,46.0
ASSAULT,575.0,34.0
ASSAULT,576.0,2.0
ASSAULT,577.0,18.0
ASSAULT,578.0,18.0
ASSAULT,579.0,10.0
ASSAULT,580.0,56.0
ASSAULT,581.0,14.0
ASSAULT,582.0,20.0
ASSAULT,583.0,15.0
ASSAULT,584.0,98.0
ASSAULT,585.0,56.0
ASSAULT,586.0,4.0
ASSAULT,587.0,3.0
ASSAULT,588.0,6.0
ASSAULT,589.0,5.0
ASSAULT,590.0,7.0
ASSAULT,591.0,10.0
ASSAULT,592.0,32.0
ASSAULT,593.0,47.0
ASSAULT,594.0,26.0
ASSAULT,595.0,24.0
ASSAULT,596.0,37.0
ASSAULT,597.0,46.0
ASSAULT,598.0,16.0
ASSAULT,599.0,56.0
ASSAULT,600.0,25.0
ASSAULT,601.0,12.0
ASSAULT,602.0,20.0
ASSAULT,603.0,11.0
ASSAULT,604.0,11.0
ASSAULT,605.0,5.0
ASSAULT,606.0,5.0
ASSAULT,607.0,10.0
ASSAULT,608.0,36.0
ASSAULT,609.0,2.0
ASSAULT,610.0,3.0
ASSAULT,611.0,18.0
ASSAULT,612.0,8.0
ASSAULT,613.0,7.0
ASSAULT,614.0,1.0
ASSAULT,615.0,5.0
ASSAULT,616.0,3.0
ASSAULT,617.0,8.0
ASSAULT,618.0,58.0
ASSAULT,619.0,22.0
ASSAULT,620.0,13.0
ASSAULT,621.0,1.0
ASSAULT,622.0,1.0
ASSAULT,623.0,9.0
ASSAULT,625.0,5.0
ASSAULT,626.0,15.0
ASSAULT,627.0,3.0
ASSAULT,628.0,13.0
ASSAULT,629.0,3.0
ASSAULT,630.0,9.0
ASSAULT,631.0,25.0
ASSAULT,632.0,10.0
ASSAULT,633.0,6.0
ASSAULT,634.0,22.0
ASSAULT,635.0,10.0
ASSAULT,636.0,14.0
ASSAULT,637.0,7.0
ASSAULT,638.0,14.0
ASSAULT,639.0,18.0
ASSAULT,640.0,16.0
ASSAULT,641.0,14.0
ASSAULT,642.0,44.0
ASSAULT,643.0,20.0
ASSAULT,644.0,2.0
ASSAULT,645.0,1.0
ASSAULT,646.0,4.0
ASSAULT,647.0,1.0
ASSAULT,649.0,3.0
ASSAULT,650.0,3.0
ASSAULT,651.0,2.0
ASSAULT,652.0,29.0
ASSAULT,653.0,4.0
ASSAULT,654.0,5.0
ASSAULT,655.0,1.0
ASSAULT,656.0,9.0
ASSAULT,657.0,7.0
ASSAULT,658.0,30.0
ASSAULT,659.0,29.0
ASSAULT,660.0,45.0
ASSAULT,661.0,1.0
ASSAULT,662.0,28.0
ASSAULT,663.0,39.0
ASSAULT,664.0,7.0
ASSAULT,665.0,6.0
ASSAULT,667.0,2.0
ASSAULT,668.0,12.0
ASSAULT,669.0,26.0
ASSAULT,670.0,33.0
ASSAULT,671.0,51.0
ASSAULT,672.0,50.0
ASSAULT,673.0,54.0
ASSAULT,674.0,87.0
ASSAULT,675.0,47.0
ASSAULT,676.0,15.0
ASSAULT,677.0,30.0
ASSAULT,678.0,2.0
ASSAULT,679.0,7.0
ASSAULT,680.0,9.0
ASSAULT,681.0,16.0
ASSAULT,682.0,7.0
ASSAULT,683.0,10.0
ASSAULT,684.0,4.0
ASSAULT,685.0,22.0
ASSAULT,686.0,8.0
ASSAULT,687.0,9.0
ASSAULT,688.0,12.0
ASSAULT,689.0,1.0
ASSAULT,690.0,4.0
ASSAULT,691.0,4.0
ASSAULT,692.0,7.0
ASSAULT,693.0,6.0
ASSAULT,694.0,45.0
ASSAULT,695.0,24.0
ASSAULT,696.0,102.0
ASSAULT,697.0,20.0
ASSAULT,698.0,4.0
ASSAULT,699.0,13.0
ASSAULT,700.0,2.0
ASSAULT,701.0,6.0
ASSAULT,702.0,49.0
ASSAULT,703.0,34.0
ASSAULT,704.0,28.0
ASSAULT,705.0,9.0
ASSAULT,706.0,47.0
ASSAULT,707.0,7.0
ASSAULT,708.0,19.0
ASSAULT,709.0,23.0
ASSAULT,710.0,2.0
ASSAULT,711.0,2.0
ASSAULT,712.0,6.0
ASSAULT,713.0,2.0
ASSAULT,714.0,27.0
ASSAULT,715.0,14.0
ASSAULT,716.0,39.0
ASSAULT,717.0,35.0
ASSAULT,718.0,13.0
ASSAULT,719.0,4.0
ASSAULT,720.0,7.0
ASSAULT,721.0,8.0
ASSAULT,722.0,11.0
ASSAULT,723.0,10.0
ASSAULT,724.0,1.0
ASSAULT,725.0,2.0
ASSAULT,726.0,8.0
ASSAULT,727.0,11.0
ASSAULT,728.0,2.0
ASSAULT,729.0,1.0
ASSAULT,730.0,6.0
ASSAULT,731.0,14.0
ASSAULT,732.0,25.0
ASSAULT,733.0,5.0
ASSAULT,734.0,4.0
ASSAULT,735.0,5.0
ASSAULT,736.0,47.0
ASSAULT,737.0,26.0
ASSAULT,738.0,16.0
ASSAULT,739.0,18.0
ASSAULT,740.0,42.0
ASSAULT,741.0,1.0
ASSAULT,742.0,1.0
ASSAULT,743.0,8.0
ASSAULT,744.0,5.0
ASSAULT,745.0,2.0
ASSAULT,746.0,7.0
ASSAULT,747.0,7.0
ASSAULT,748.0,11.0
ASSAULT,749.0,6.0
ASSAULT,750.0,24.0
ASSAULT,751.0,10.0
ASSAULT,752.0,41.0
ASSAULT,753.0,52.0
ASSAULT,754.0,9.0
ASSAULT,755.0,39.0
ASSAULT,756.0,14.0
ASSAULT,757.0,11.0
ASSAULT,758.0,6.0
ASSAULT,759.0,12.0
ASSAULT,760.0,22.0
ASSAULT,761.0,81.0
ASSAULT,762.0,6.0
ASSAULT,763.0,5.0
ASSAULT,764.0,21.0
ASSAULT,765.0,26.0
ASSAULT,766.0,15.0
ASSAULT,767.0,38.0
ASSAULT,768.0,18.0
ASSAULT,769.0,11.0
ASSAULT,770.0,3.0
ASSAULT,771.0,14.0
ASSAULT,772.0,34.0
ASSAULT,773.0,16.0
ASSAULT,774.0,12.0
ASSAULT,775.0,13.0
ASSAULT,776.0,23.0
ASSAULT,777.0,9.0
ASSAULT,778.0,32.0
ASSAULT,779.0,7.0
ASSAULT,780.0,8.0
ASSAULT,781.0,5.0
ASSAULT,782.0,3.0
ASSAULT,783.0,27.0
ASSAULT,784.0,16.0
ASSAULT,785.0,16.0
ASSAULT,786.0,12.0
ASSAULT,787.0,27.0
ASSAULT,788.0,23.0
ASSAULT,789.0,32.0
ASSAULT,790.0,25.0
ASSAULT,791.0,19.0
ASSAULT,792.0,15.0
ASSAULT,793.0,9.0
ASSAULT,794.0,10.0
ASSAULT,795.0,1.0
ASSAULT,796.0,1.0
ASSAULT,797.0,6.0
ASSAULT,798.0,3.0
ASSAULT,799.0,13.0
ASSAULT,800.0,46.0
ASSAULT,801.0,23.0
BATTERY,1.0,88.0
BATTERY,2.0,13.0
BATTERY,3.0,33.0
BATTERY,4.0,33.0
BATTERY,5.0,23.0
BATTERY,6.0,14.0
BATTERY,7.0,77.0
BATTERY,8.0,3.0
BATTERY,9.0,65.0
BATTERY,10.0,95.0
BATTERY,11.0,78.0
BATTERY,12.0,25.0
BATTERY,13.0,6.0
BATTERY,14.0,5.0
BATTERY,15.0,8.0
BATTERY,16.0,28.0
BATTERY,17.0,11.0
BATTERY,18.0,2.0
BATTERY,19.0,17.0
BATTERY,20.0,13.0
BATTERY,21.0,52.0
BATTERY,22.0,55.0
BATTERY,23.0,6.0
BATTERY,24.0,25.0
BATTERY,25.0,24.0
BATTERY,26.0,8.0
BATTERY,27.0,28.0
BATTERY,28.0,20.0
BATTERY,29.0,13.0
BATTERY,30.0,12.0
BATTERY,31.0,20.0
BATTERY,32.0,3.0
BATTERY,33.0,233.0
BATTERY,34.0,107.0
BATTERY,35.0,59.0
BATTERY,36.0,65.0
BATTERY,37.0,53.0
BATTERY,38.0,77.0
BATTERY,39.0,46.0
BATTERY,40.0,15.0
BATTERY,41.0,6.0
BATTERY,42.0,9.0
BATTERY,43.0,5.0
BATTERY,44.0,6.0
BATTERY,45.0,3.0
BATTERY,46.0,9.0
BATTERY,47.0,5.0
BATTERY,48.0,1.0
BATTERY,49.0,15.0
BATTERY,50.0,60.0
BATTERY,51.0,42.0
BATTERY,52.0,17.0
BATTERY,53.0,20.0
BATTERY,54.0,3.0
BATTERY,55.0,19.0
BATTERY,56.0,4.0
BATTERY,57.0,25.0
BATTERY,58.0,15.0
BATTERY,59.0,12.0
BATTERY,60.0,77.0
BATTERY,61.0,65.0
BATTERY,62.0,25.0
BATTERY,63.0,24.0
BATTERY,64.0,1.0
BATTERY,65.0,4.0
BATTERY,66.0,9.0
BATTERY,67.0,33.0
BATTERY,68.0,126.0
BATTERY,69.0,168.0
BATTERY,70.0,6.0
BATTERY,71.0,10.0
BATTERY,72.0,16.0
BATTERY,73.0,21.0
BATTERY,74.0,10.0
BATTERY,75.0,11.0
BATTERY,76.0,18.0
BATTERY,77.0,18.0
BATTERY,78.0,11.0
BATTERY,79.0,8.0
BATTERY,80.0,22.0
BATTERY,81.0,11.0
BATTERY,82.0,15.0
BATTERY,83.0,8.0
BATTERY,84.0,30.0
BATTERY,85.0,34.0
BATTERY,86.0,5.0
BATTERY,87.0,6.0
BATTERY,89.0,38.0
BATTERY,90.0,25.0
BATTERY,91.0,19.0
BATTERY,92.0,112.0
BATTERY,93.0,9.0
BATTERY,94.0,3.0
BATTERY,95.0,4.0
BATTERY,96.0,54.0
BATTERY,97.0,69.0
BATTERY,98.0,117.0
BATTERY,99.0,74.0
BATTERY,101.0,10.0
BATTERY,102.0,3.0
BATTERY,103.0,1.0
BATTERY,104.0,36.0
BATTERY,105.0,9.0
BATTERY,106.0,3.0
BATTERY,107.0,11.0
BATTERY,108.0,30.0
BATTERY,109.0,17.0
BATTERY,110.0,7.0
BATTERY,111.0,70.0
BATTERY,112.0,24.0
BATTERY,113.0,64.0
BATTERY,114.0,11.0
BATTERY,115.0,15.0
BATTERY,116.0,6.0
BATTERY,117.0,2.0
BATTERY,118.0,8.0
BATTERY,119.0,26.0
BATTERY,120.0,12.0
BATTERY,121.0,70.0
BATTERY,122.0,53.0
BATTERY,123.0,32.0
BATTERY,124.0,20.0
BATTERY,125.0,57.0
BATTERY,126.0,19.0
BATTERY,127.0,3.0
BATTERY,128.0,1.0
BATTERY,129.0,12.0
BATTERY,131.0,6.0
BATTERY,132.0,77.0
BATTERY,133.0,77.0
BATTERY,134.0,69.0
BATTERY,135.0,20.0
BATTERY,136.0,20.0
BATTERY,137.0,7.0
BATTERY,138.0,31.0
BATTERY,139.0,7.0
BATTERY,140.0,36.0
BATTERY,141.0,70.0
BATTERY,142.0,44.0
BATTERY,143.0,2.0
BATTERY,144.0,8.0
BATTERY,145.0,5.0
BATTERY,146.0,23.0
BATTERY,147.0,4.0
BATTERY,148.0,14.0
BATTERY,149.0,6.0
BATTERY,150.0,70.0
BATTERY,151.0,28.0
BATTERY,152.0,81.0
BATTERY,154.0,7.0
BATTERY,155.0,7.0
BATTERY,156.0,16.0
BATTERY,157.0,46.0
BATTERY,158.0,24.0
BATTERY,159.0,34.0
BATTERY,160.0,10.0
BATTERY,161.0,28.0
BATTERY,162.0,18.0
BATTERY,163.0,63.0
BATTERY,164.0,38.0
BATTERY,165.0,30.0
BATTERY,166.0,92.0
BATTERY,167.0,9.0
BATTERY,168.0,6.0
BATTERY,169.0,2.0
BATTERY,171.0,18.0
BATTERY,172.0,2.0
BATTERY,173.0,5.0
BATTERY,174.0,59.0
BATTERY,175.0,55.0
BATTERY,176.0,97.0
BATTERY,177.0,73.0
BATTERY,178.0,3.0
BATTERY,179.0,3.0
BATTERY,180.0,3.0
BATTERY,182.0,21.0
BATTERY,183.0,30.0
BATTERY,184.0,56.0
BATTERY,186.0,12.0
BATTERY,187.0,64.0
BATTERY,188.0,115.0
BATTERY,189.0,42.0
BATTERY,190.0,17.0
BATTERY,191.0,27.0
BATTERY,192.0,14.0
BATTERY,193.0,18.0
BATTERY,194.0,27.0
BATTERY,195.0,71.0
BATTERY,196.0,34.0
BATTERY,197.0,5.0
BATTERY,198.0,12.0
BATTERY,199.0,19.0
BATTERY,200.0,13.0
BATTERY,201.0,23.0
BATTERY,202.0,22.0
BATTERY,203.0,45.0
BATTERY,204.0,27.0
BATTERY,205.0,20.0
BATTERY,206.0,20.0
BATTERY,207.0,2.0
BATTERY,208.0,1.0
BATTERY,209.0,5.0
BATTERY,210.0,7.0
BATTERY,211.0,13.0
BATTERY,212.0,1.0
BATTERY,213.0,8.0
BATTERY,214.0,7.0
BATTERY,215.0,20.0
BATTERY,216.0,7.0
BATTERY,217.0,8.0
BATTERY,218.0,73.0
BATTERY,219.0,7.0
BATTERY,220.0,24.0
BATTERY,221.0,12.0
BATTERY,222.0,25.0
BATTERY,223.0,2.0
BATTERY,224.0,51.0
BATTERY,225.0,1.0
BATTERY,226.0,47.0
BATTERY,227.0,19.0
BATTERY,228.0,4.0
BATTERY,229.0,58.0
BATTERY,230.0,7.0
BATTERY,231.0,6.0
BATTERY,232.0,5.0
BATTERY,233.0,9.0
BATTERY,234.0,17.0
BATTERY,235.0,12.0
BATTERY,236.0,56.0
BATTERY,237.0,51.0
BATTERY,238.0,11.0
BATTERY,239.0,2.0
BATTERY,240.0,20.0
BATTERY,241.0,60.0
BATTERY,242.0,16.0
BATTERY,243.0,26.0
BATTERY,244.0,106.0
BATTERY,245.0,125.0
BATTERY,246.0,122.0
BATTERY,247.0,145.0
BATTERY,248.0,32.0
BATTERY,249.0,8.0
BATTERY,250.0,13.0
BATTERY,251.0,7.0
BATTERY,252.0,83.0
BATTERY,253.0,72.0
BATTERY,254.0,31.0
BATTERY,255.0,93.0
BATTERY,256.0,5.0
BATTERY,257.0,8.0
BATTERY,258.0,14.0
BATTERY,259.0,19.0
BATTERY,260.0,11.0
BATTERY,261.0,43.0
BATTERY,262.0,25.0
BATTERY,263.0,43.0
BATTERY,264.0,1.0
BATTERY,265.0,9.0
BATTERY,266.0,8.0
BATTERY,267.0,11.0
BATTERY,268.0,8.0
BATTERY,269.0,7.0
BATTERY,270.0,12.0
BATTERY,271.0,15.0
BATTERY,272.0,2.0
BATTERY,273.0,2.0
BATTERY,274.0,31.0
BATTERY,275.0,23.0
BATTERY,276.0,48.0
BATTERY,277.0,51.0
BATTERY,278.0,39.0
BATTERY,279.0,32.0
BATTERY,280.0,47.0
BATTERY,281.0,55.0
BATTERY,282.0,48.0
BATTERY,283.0,90.0
BATTERY,284.0,79.0
BATTERY,285.0,18.0
BATTERY,286.0,101.0
BATTERY,287.0,4.0
BATTERY,288.0,18.0
BATTERY,289.0,12.0
BATTERY,290.0,14.0
BATTERY,291.0,53.0
BATTERY,292.0,14.0
BATTERY,293.0,29.0
BATTERY,294.0,11.0
BATTERY,295.0,8.0
BATTERY,296.0,25.0
BATTERY,297.0,43.0
BATTERY,298.0,7.0
BATTERY,299.0,8.0
BATTERY,300.0,3.0
BATTERY,301.0,49.0
BATTERY,302.0,24.0
BATTERY,303.0,18.0
BATTERY,304.0,12.0
BATTERY,305.0,4.0
BATTERY,306.0,24.0
BATTERY,307.0,21.0
BATTERY,308.0,3.0
BATTERY,309.0,30.0
BATTERY,310.0,17.0
BATTERY,311.0,7.0
BATTERY,312.0,24.0
BATTERY,314.0,2.0
BATTERY,315.0,36.0
BATTERY,316.0,1.0
BATTERY,317.0,14.0
BATTERY,318.0,10.0
BATTERY,319.0,78.0
BATTERY,320.0,16.0
BATTERY,321.0,14.0
BATTERY,322.0,11.0
BATTERY,323.0,2.0
BATTERY,324.0,1.0
BATTERY,325.0,7.0
BATTERY,326.0,5.0
BATTERY,327.0,6.0
BATTERY,328.0,6.0
BATTERY,329.0,14.0
BATTERY,330.0,6.0
BATTERY,331.0,88.0
BATTERY,332.0,183.0
BATTERY,333.0,59.0
BATTERY,335.0,5.0
BATTERY,336.0,3.0
BATTERY,337.0,3.0
BATTERY,338.0,3.0
BATTERY,339.0,10.0
BATTERY,340.0,31.0
BATTERY,341.0,11.0
BATTERY,342.0,16.0
BATTERY,343.0,16.0
BATTERY,344.0,16.0
BATTERY,345.0,35.0
BATTERY,346.0,7.0
BATTERY,347.0,60.0
BATTERY,348.0,55.0
BATTERY,349.0,25.0
BATTERY,350.0,4.0
BATTERY,351.0,7.0
BATTERY,352.0,1.0
BATTERY,353.0,1.0
BATTERY,354.0,15.0
BATTERY,355.0,16.0
BATTERY,356.0,7.0
BATTERY,357.0,9.0
BATTERY,358.0,14.0
BATTERY,359.0,7.0
BATTERY,360.0,15.0
BATTERY,361.0,23.0
BATTERY,362.0,4.0
BATTERY,363.0,8.0
BATTERY,364.0,10.0
BATTERY,365.0,27.0
BATTERY,366.0,21.0
BATTERY,367.0,38.0
BATTERY,368.0,23.0
BATTERY,369.0,3.0
BATTERY,370.0,50.0
BATTERY,371.0,8.0
BATTERY,372.0,22.0
BATTERY,373.0,4.0
BATTERY,374.0,49.0
BATTERY,376.0,12.0
BATTERY,377.0,24.0
BATTERY,378.0,37.0
BATTERY,379.0,6.0
BATTERY,380.0,9.0
BATTERY,381.0,112.0
BATTERY,382.0,43.0
BATTERY,383.0,94.0
BATTERY,384.0,33.0
BATTERY,385.0,45.0
BATTERY,386.0,8.0
BATTERY,387.0,6.0
BATTERY,388.0,8.0
BATTERY,389.0,10.0
BATTERY,390.0,13.0
BATTERY,391.0,5.0
BATTERY,392.0,4.0
BATTERY,393.0,23.0
BATTERY,394.0,12.0
BATTERY,395.0,6.0
BATTERY,396.0,10.0
BATTERY,397.0,16.0
BATTERY,398.0,37.0
BATTERY,399.0,6.0
BATTERY,400.0,14.0
BATTERY,401.0,50.0
BATTERY,402.0,53.0
BATTERY,403.0,53.0
BATTERY,404.0,76.0
BATTERY,405.0,3.0
BATTERY,406.0,47.0
BATTERY,407.0,27.0
BATTERY,408.0,30.0
BATTERY,409.0,50.0
BATTERY,410.0,101.0
BATTERY,411.0,7.0
BATTERY,412.0,2.0
BATTERY,413.0,3.0
BATTERY,414.0,8.0
BATTERY,416.0,64.0
BATTERY,417.0,16.0
BATTERY,418.0,23.0
BATTERY,419.0,18.0
BATTERY,420.0,41.0
BATTERY,421.0,131.0
BATTERY,422.0,8.0
BATTERY,423.0,18.0
BATTERY,424.0,1.0
BATTERY,425.0,11.0
BATTERY,426.0,16.0
BATTERY,427.0,8.0
BATTERY,428.0,19.0
BATTERY,429.0,24.0
BATTERY,430.0,43.0
BATTERY,431.0,37.0
BATTERY,432.0,27.0
BATTERY,433.0,72.0
BATTERY,434.0,45.0
BATTERY,435.0,98.0
BATTERY,436.0,74.0
BATTERY,437.0,5.0
BATTERY,438.0,1.0
BATTERY,439.0,20.0
BATTERY,440.0,13.0
BATTERY,442.0,6.0
BATTERY,443.0,6.0
BATTERY,444.0,7.0
BATTERY,445.0,2.0
BATTERY,446.0,27.0
BATTERY,447.0,32.0
BATTERY,448.0,38.0
BATTERY,449.0,37.0
BATTERY,450.0,12.0
BATTERY,451.0,55.0
BATTERY,452.0,80.0
BATTERY,453.0,29.0
BATTERY,454.0,53.0
BATTERY,455.0,52.0
BATTERY,456.0,161.0
BATTERY,457.0,3.0
BATTERY,458.0,4.0
BATTERY,459.0,9.0
BATTERY,460.0,11.0
BATTERY,461.0,26.0
BATTERY,462.0,4.0
BATTERY,463.0,8.0
BATTERY,464.0,6.0
BATTERY,465.0,9.0
BATTERY,466.0,6.0
BATTERY,467.0,9.0
BATTERY,468.0,2.0
BATTERY,469.0,11.0
BATTERY,470.0,10.0
BATTERY,471.0,27.0
BATTERY,472.0,50.0
BATTERY,473.0,14.0
BATTERY,474.0,65.0
BATTERY,475.0,37.0
BATTERY,476.0,1.0
BATTERY,478.0,57.0
BATTERY,479.0,67.0
BATTERY,480.0,33.0
BATTERY,481.0,34.0
BATTERY,482.0,9.0
BATTERY,483.0,12.0
BATTERY,484.0,7.0
BATTERY,485.0,9.0
BATTERY,486.0,30.0
BATTERY,487.0,94.0
BATTERY,488.0,10.0
BATTERY,489.0,22.0
BATTERY,490.0,17.0
BATTERY,491.0,22.0
BATTERY,492.0,36.0
BATTERY,493.0,34.0
BATTERY,494.0,93.0
BATTERY,495.0,84.0
BATTERY,496.0,70.0
BATTERY,497.0,65.0
BATTERY,498.0,22.0
BATTERY,499.0,8.0
BATTERY,500.0,10.0
BATTERY,501.0,10.0
BATTERY,502.0,10.0
BATTERY,503.0,1.0
BATTERY,504.0,53.0
BATTERY,505.0,55.0
BATTERY,506.0,39.0
BATTERY,507.0,86.0
BATTERY,508.0,20.0
BATTERY,509.0,42.0
BATTERY,510.0,24.0
BATTERY,511.0,81.0
BATTERY,512.0,69.0
BATTERY,513.0,67.0
BATTERY,514.0,92.0
BATTERY,515.0,80.0
BATTERY,516.0,7.0
BATTERY,517.0,1.0
BATTERY,518.0,4.0
BATTERY,519.0,7.0
BATTERY,520.0,7.0
BATTERY,521.0,12.0
BATTERY,522.0,6.0
BATTERY,523.0,25.0
BATTERY,524.0,134.0
BATTERY,525.0,36.0
BATTERY,526.0,21.0
BATTERY,527.0,15.0
BATTERY,528.0,20.0
BATTERY,529.0,58.0
BATTERY,530.0,62.0
BATTERY,531.0,42.0
BATTERY,532.0,41.0
BATTERY,533.0,38.0
BATTERY,534.0,13.0
BATTERY,535.0,4.0
BATTERY,536.0,3.0
BATTERY,537.0,2.0
BATTERY,538.0,4.0
BATTERY,539.0,6.0
BATTERY,540.0,6.0
BATTERY,541.0,10.0
BATTERY,542.0,17.0
BATTERY,543.0,21.0
BATTERY,544.0,8.0
BATTERY,545.0,7.0
BATTERY,546.0,3.0
BATTERY,547.0,2.0
BATTERY,548.0,6.0
BATTERY,549.0,10.0
BATTERY,550.0,9.0
BATTERY,551.0,1.0
BATTERY,552.0,11.0
BATTERY,553.0,2.0
BATTERY,554.0,17.0
BATTERY,555.0,6.0
BATTERY,556.0,21.0
BATTERY,557.0,35.0
BATTERY,558.0,34.0
BATTERY,559.0,7.0
BATTERY,560.0,4.0
BATTERY,561.0,27.0
BATTERY,562.0,74.0
BATTERY,564.0,4.0
BATTERY,565.0,40.0
BATTERY,566.0,4.0
BATTERY,567.0,20.0
BATTERY,568.0,24.0
BATTERY,569.0,51.0
BATTERY,570.0,74.0
BATTERY,571.0,10.0
BATTERY,572.0,127.0
BATTERY,573.0,89.0
BATTERY,574.0,76.0
BATTERY,575.0,47.0
BATTERY,576.0,1.0
BATTERY,577.0,9.0
BATTERY,578.0,37.0
BATTERY,579.0,20.0
BATTERY,580.0,72.0
BATTERY,581.0,17.0
BATTERY,582.0,20.0
BATTERY,583.0,19.0
BATTERY,584.0,200.0
BATTERY,585.0,76.0
BATTERY,586.0,11.0
BATTERY,587.0,10.0
BATTERY,588.0,4.0
BATTERY,589.0,1.0
BATTERY,590.0,5.0
BATTERY,591.0,12.0
BATTERY,592.0,36.0
BATTERY,593.0,45.0
BATTERY,594.0,31.0
BATTERY,595.0,38.0
BATTERY,596.0,48.0
BATTERY,597.0,46.0
BATTERY,598.0,5.0
BATTERY,599.0,59.0
BATTERY,600.0,43.0
BATTERY,601.0,18.0
BATTERY,602.0,25.0
BATTERY,603.0,7.0
BATTERY,604.0,9.0
BATTERY,605.0,4.0
BATTERY,606.0,5.0
BATTERY,607.0,9.0
BATTERY,608.0,36.0
BATTERY,609.0,2.0
BATTERY,610.0,3.0
BATTERY,611.0,30.0
BATTERY,612.0,5.0
BATTERY,613.0,6.0
BATTERY,614.0,1.0
BATTERY,615.0,3.0
BATTERY,616.0,1.0
BATTERY,617.0,12.0
BATTERY,618.0,81.0
BATTERY,619.0,47.0
BATTERY,620.0,7.0
BATTERY,621.0,2.0
BATTERY,623.0,1.0
BATTERY,624.0,1.0
BATTERY,625.0,7.0
BATTERY,626.0,30.0
BATTERY,627.0,4.0
BATTERY,628.0,6.0
BATTERY,629.0,2.0
BATTERY,630.0,9.0
BATTERY,631.0,22.0
BATTERY,632.0,10.0
BATTERY,633.0,7.0
BATTERY,634.0,35.0
BATTERY,635.0,13.0
BATTERY,636.0,22.0
BATTERY,637.0,11.0
BATTERY,638.0,12.0
BATTERY,639.0,20.0
BATTERY,640.0,16.0
BATTERY,641.0,25.0
BATTERY,642.0,44.0
BATTERY,643.0,21.0
BATTERY,644.0,2.0
BATTERY,645.0,2.0
BATTERY,646.0,2.0
BATTERY,648.0,4.0
BATTERY,649.0,1.0
BATTERY,651.0,1.0
BATTERY,652.0,54.0
BATTERY,654.0,7.0
BATTERY,656.0,5.0
BATTERY,657.0,8.0
BATTERY,658.0,49.0
BATTERY,659.0,60.0
BATTERY,660.0,58.0
BATTERY,661.0,2.0
BATTERY,662.0,31.0
BATTERY,663.0,44.0
BATTERY,664.0,8.0
BATTERY,665.0,2.0
BATTERY,666.0,4.0
BATTERY,667.0,2.0
BATTERY,668.0,9.0
BATTERY,669.0,30.0
BATTERY,670.0,45.0
BATTERY,671.0,70.0
BATTERY,672.0,67.0
BATTERY,673.0,88.0
BATTERY,674.0,128.0
BATTERY,675.0,102.0
BATTERY,676.0,21.0
BATTERY,677.0,33.0
BATTERY,678.0,1.0
BATTERY,679.0,1.0
BATTERY,680.0,8.0
BATTERY,681.0,23.0
BATTERY,682.0,6.0
BATTERY,683.0,6.0
BATTERY,684.0,11.0
BATTERY,685.0,41.0
BATTERY,686.0,17.0
BATTERY,687.0,7.0
BATTERY,688.0,11.0
BATTERY,689.0,1.0
BATTERY,690.0,2.0
BATTERY,691.0,8.0
BATTERY,692.0,1.0
BATTERY,693.0,9.0
BATTERY,694.0,82.0
BATTERY,695.0,53.0
BATTERY,696.0,164.0
BATTERY,697.0,15.0
BATTERY,698.0,3.0
BATTERY,699.0,5.0
BATTERY,700.0,1.0
BATTERY,701.0,3.0
BATTERY,702.0,61.0
BATTERY,703.0,63.0
BATTERY,704.0,77.0
BATTERY,705.0,14.0
BATTERY,706.0,63.0
BATTERY,707.0,6.0
BATTERY,708.0,26.0
BATTERY,709.0,21.0
BATTERY,710.0,3.0
BATTERY,711.0,4.0
BATTERY,712.0,1.0
BATTERY,713.0,3.0
BATTERY,714.0,31.0
BATTERY,715.0,15.0
BATTERY,716.0,112.0
BATTERY,717.0,75.0
BATTERY,718.0,26.0
BATTERY,719.0,7.0
BATTERY,720.0,11.0
BATTERY,721.0,3.0
BATTERY,722.0,8.0
BATTERY,723.0,11.0
BATTERY,724.0,2.0
BATTERY,725.0,1.0
BATTERY,726.0,11.0
BATTERY,727.0,11.0
BATTERY,728.0,3.0
BATTERY,729.0,2.0
BATTERY,730.0,15.0
BATTERY,731.0,18.0
BATTERY,732.0,51.0
BATTERY,734.0,2.0
BATTERY,735.0,1.0
BATTERY,736.0,123.0
BATTERY,737.0,39.0
BATTERY,738.0,17.0
BATTERY,739.0,33.0
BATTERY,740.0,42.0
BATTERY,742.0,1.0
BATTERY,743.0,11.0
BATTERY,744.0,5.0
BATTERY,745.0,1.0
BATTERY,746.0,4.0
BATTERY,747.0,3.0
BATTERY,748.0,9.0
BATTERY,749.0,11.0
BATTERY,750.0,18.0
BATTERY,751.0,14.0
BATTERY,752.0,53.0
BATTERY,753.0,79.0
BATTERY,754.0,16.0
BATTERY,755.0,44.0
BATTERY,756.0,31.0
BATTERY,757.0,9.0
BATTERY,758.0,9.0
BATTERY,759.0,13.0
BATTERY,760.0,21.0
BATTERY,761.0,113.0
BATTERY,762.0,14.0
BATTERY,763.0,10.0
BATTERY,764.0,20.0
BATTERY,765.0,45.0
BATTERY,766.0,22.0
BATTERY,767.0,34.0
BATTERY,768.0,47.0
BATTERY,769.0,9.0
BATTERY,770.0,5.0
BATTERY,771.0,18.0
BATTERY,772.0,76.0
BATTERY,773.0,12.0
BATTERY,774.0,13.0
BATTERY,775.0,11.0
BATTERY,776.0,27.0
BATTERY,777.0,16.0
BATTERY,778.0,28.0
BATTERY,779.0,6.0
BATTERY,780.0,3.0
BATTERY,781.0,2.0
BATTERY,782.0,3.0
BATTERY,783.0,39.0
BATTERY,784.0,13.0
BATTERY,785.0,25.0
BATTERY,786.0,9.0
BATTERY,787.0,31.0
BATTERY,788.0,17.0
BATTERY,789.0,24.0
BATTERY,790.0,44.0
BATTERY,791.0,24.0
BATTERY,792.0,7.0
BATTERY,793.0,11.0
BATTERY,794.0,8.0
BATTERY,795.0,4.0
BATTERY,796.0,1.0
BATTERY,797.0,2.0
BATTERY,798.0,9.0
BATTERY,799.0,4.0
BATTERY,800.0,81.0
BATTERY,801.0,13.0
HOMICIDE,1.0,3.0
HOMICIDE,2.0,4.0
HOMICIDE,3.0,1.0
HOMICIDE,4.0,2.0
HOMICIDE,7.0,7.0
HOMICIDE,8.0,1.0
HOMICIDE,9.0,8.0
HOMICIDE,10.0,12.0
HOMICIDE,11.0,3.0
HOMICIDE,12.0,1.0
HOMICIDE,15.0,1.0
HOMICIDE,16.0,2.0
HOMICIDE,18.0,1.0
HOMICIDE,20.0,1.0
HOMICIDE,22.0,6.0
HOMICIDE,23.0,1.0
HOMICIDE,24.0,2.0
HOMICIDE,27.0,4.0
HOMICIDE,28.0,1.0
HOMICIDE,29.0,1.0
HOMICIDE,30.0,3.0
HOMICIDE,31.0,2.0
HOMICIDE,32.0,1.0
HOMICIDE,33.0,18.0
HOMICIDE,34.0,8.0
HOMICIDE,35.0,4.0
HOMICIDE,36.0,7.0
HOMICIDE,37.0,3.0
HOMICIDE,38.0,5.0
HOMICIDE,39.0,1.0
HOMICIDE,42.0,1.0
HOMICIDE,49.0,1.0
HOMICIDE,50.0,6.0
HOMICIDE,51.0,3.0
HOMICIDE,55.0,2.0
HOMICIDE,57.0,2.0
HOMICIDE,58.0,2.0
HOMICIDE,60.0,6.0
HOMICIDE,61.0,8.0
HOMICIDE,62.0,2.0
HOMICIDE,66.0,1.0
HOMICIDE,67.0,1.0
HOMICIDE,68.0,15.0
HOMICIDE,69.0,19.0
HOMICIDE,71.0,2.0
HOMICIDE,74.0,1.0
HOMICIDE,75.0,1.0
HOMICIDE,76.0,2.0
HOMICIDE,77.0,5.0
HOMICIDE,78.0,1.0
HOMICIDE,79.0,1.0
HOMICIDE,80.0,3.0
HOMICIDE,85.0,9.0
HOMICIDE,89.0,1.0
HOMICIDE,90.0,2.0
HOMICIDE,92.0,1.0
HOMICIDE,93.0,1.0
HOMICIDE,96.0,10.0
HOMICIDE,97.0,1.0
HOMICIDE,98.0,10.0
HOMICIDE,99.0,9.0
HOMICIDE,101.0,1.0
HOMICIDE,108.0,2.0
HOMICIDE,109.0,1.0
HOMICIDE,111.0,9.0
HOMICIDE,112.0,3.0
HOMICIDE,113.0,6.0
HOMICIDE,114.0,1.0
HOMICIDE,121.0,3.0
HOMICIDE,122.0,4.0
HOMICIDE,123.0,3.0
HOMICIDE,124.0,3.0
HOMICIDE,125.0,10.0
HOMICIDE,126.0,1.0
HOMICIDE,127.0,1.0
HOMICIDE,128.0,1.0
HOMICIDE,131.0,1.0
HOMICIDE,132.0,6.0
HOMICIDE,133.0,6.0
HOMICIDE,134.0,3.0
HOMICIDE,136.0,2.0
HOMICIDE,138.0,2.0
HOMICIDE,140.0,1.0
HOMICIDE,141.0,5.0
HOMICIDE,142.0,3.0
HOMICIDE,146.0,1.0
HOMICIDE,150.0,5.0
HOMICIDE,151.0,2.0
HOMICIDE,152.0,9.0
HOMICIDE,161.0,1.0
HOMICIDE,162.0,2.0
HOMICIDE,163.0,5.0
HOMICIDE,164.0,3.0
HOMICIDE,165.0,1.0
HOMICIDE,166.0,20.0
HOMICIDE,167.0,2.0
HOMICIDE,174.0,1.0
HOMICIDE,175.0,2.0
HOMICIDE,176.0,14.0
HOMICIDE,177.0,7.0
HOMICIDE,183.0,7.0
HOMICIDE,184.0,5.0
HOMICIDE,186.0,1.0
HOMICIDE,187.0,5.0
HOMICIDE,188.0,4.0
HOMICIDE,189.0,4.0
HOMICIDE,191.0,1.0
HOMICIDE,192.0,1.0
HOMICIDE,193.0,3.0
HOMICIDE,194.0,3.0
HOMICIDE,195.0,1.0
HOMICIDE,196.0,5.0
HOMICIDE,197.0,1.0
HOMICIDE,199.0,1.0
HOMICIDE,200.0,3.0
HOMICIDE,203.0,1.0
HOMICIDE,204.0,1.0
HOMICIDE,205.0,1.0
HOMICIDE,206.0,1.0
HOMICIDE,207.0,1.0
HOMICIDE,212.0,2.0
HOMICIDE,214.0,1.0
HOMICIDE,218.0,8.0
HOMICIDE,220.0,1.0
HOMICIDE,222.0,1.0
HOMICIDE,224.0,3.0
HOMICIDE,226.0,6.0
HOMICIDE,227.0,2.0
HOMICIDE,229.0,4.0
HOMICIDE,235.0,1.0
HOMICIDE,236.0,6.0
HOMICIDE,237.0,7.0
HOMICIDE,240.0,1.0
HOMICIDE,241.0,3.0
HOMICIDE,243.0,3.0
HOMICIDE,244.0,7.0
HOMICIDE,245.0,9.0
HOMICIDE,246.0,9.0
HOMICIDE,247.0,8.0
HOMICIDE,248.0,1.0
HOMICIDE,249.0,1.0
HOMICIDE,250.0,1.0
HOMICIDE,252.0,9.0
HOMICIDE,253.0,7.0
HOMICIDE,255.0,3.0
HOMICIDE,257.0,1.0
HOMICIDE,259.0,1.0
HOMICIDE,260.0,1.0
HOMICIDE,261.0,1.0
HOMICIDE,262.0,2.0
HOMICIDE,266.0,2.0
HOMICIDE,267.0,1.0
HOMICIDE,269.0,1.0
HOMICIDE,274.0,3.0
HOMICIDE,276.0,3.0
HOMICIDE,277.0,6.0
HOMICIDE,278.0,3.0
HOMICIDE,279.0,3.0
HOMICIDE,280.0,3.0
HOMICIDE,281.0,4.0
HOMICIDE,282.0,2.0
HOMICIDE,283.0,6.0
HOMICIDE,284.0,3.0
HOMICIDE,285.0,1.0
HOMICIDE,286.0,8.0
HOMICIDE,288.0,3.0
HOMICIDE,290.0,2.0
HOMICIDE,291.0,2.0
HOMICIDE,292.0,1.0
HOMICIDE,293.0,2.0
HOMICIDE,296.0,1.0
HOMICIDE,297.0,3.0
HOMICIDE,301.0,2.0
HOMICIDE,304.0,2.0
HOMICIDE,305.0,1.0
HOMICIDE,306.0,1.0
HOMICIDE,307.0,1.0
HOMICIDE,309.0,2.0
HOMICIDE,312.0,3.0
HOMICIDE,315.0,4.0
HOMICIDE,319.0,8.0
HOMICIDE,321.0,1.0
HOMICIDE,323.0,2.0
HOMICIDE,327.0,1.0
HOMICIDE,329.0,1.0
HOMICIDE,331.0,4.0
HOMICIDE,332.0,14.0
HOMICIDE,333.0,12.0
HOMICIDE,339.0,1.0
HOMICIDE,340.0,3.0
HOMICIDE,343.0,1.0
HOMICIDE,344.0,2.0
HOMICIDE,345.0,5.0
HOMICIDE,347.0,6.0
HOMICIDE,348.0,2.0
HOMICIDE,353.0,1.0
HOMICIDE,355.0,2.0
HOMICIDE,357.0,3.0
HOMICIDE,358.0,2.0
HOMICIDE,359.0,1.0
HOMICIDE,365.0,4.0
HOMICIDE,367.0,2.0
HOMICIDE,369.0,1.0
HOMICIDE,370.0,8.0
HOMICIDE,371.0,1.0
HOMICIDE,374.0,1.0
HOMICIDE,376.0,2.0
HOMICIDE,377.0,2.0
HOMICIDE,378.0,4.0
HOMICIDE,381.0,5.0
HOMICIDE,382.0,1.0
HOMICIDE,383.0,5.0
HOMICIDE,384.0,2.0
HOMICIDE,385.0,2.0
HOMICIDE,386.0,1.0
HOMICIDE,387.0,1.0
HOMICIDE,388.0,2.0
HOMICIDE,393.0,1.0
HOMICIDE,397.0,1.0
HOMICIDE,398.0,4.0
HOMICIDE,401.0,7.0
HOMICIDE,402.0,2.0
HOMICIDE,403.0,6.0
HOMICIDE,404.0,6.0
HOMICIDE,405.0,1.0
HOMICIDE,406.0,4.0
HOMICIDE,407.0,1.0
HOMICIDE,408.0,1.0
HOMICIDE,409.0,1.0
HOMICIDE,410.0,7.0
HOMICIDE,414.0,2.0
HOMICIDE,416.0,5.0
HOMICIDE,417.0,1.0
HOMICIDE,418.0,2.0
HOMICIDE,419.0,2.0
HOMICIDE,420.0,3.0
HOMICIDE,421.0,11.0
HOMICIDE,422.0,1.0
HOMICIDE,423.0,2.0
HOMICIDE,425.0,3.0
HOMICIDE,428.0,3.0
HOMICIDE,429.0,3.0
HOMICIDE,430.0,6.0
HOMICIDE,431.0,4.0
HOMICIDE,432.0,3.0
HOMICIDE,433.0,3.0
HOMICIDE,434.0,5.0
HOMICIDE,435.0,6.0
HOMICIDE,436.0,8.0
HOMICIDE,439.0,2.0
HOMICIDE,446.0,4.0
HOMICIDE,447.0,4.0
HOMICIDE,448.0,2.0
HOMICIDE,449.0,3.0
HOMICIDE,451.0,5.0
HOMICIDE,452.0,5.0
HOMICIDE,453.0,1.0
HOMICIDE,454.0,2.0
HOMICIDE,455.0,3.0
HOMICIDE,456.0,14.0
HOMICIDE,460.0,1.0
HOMICIDE,461.0,2.0
HOMICIDE,464.0,1.0
HOMICIDE,465.0,1.0
HOMICIDE,469.0,1.0
HOMICIDE,470.0,1.0
HOMICIDE,472.0,2.0
HOMICIDE,473.0,1.0
HOMICIDE,474.0,3.0
HOMICIDE,475.0,4.0
HOMICIDE,478.0,4.0
HOMICIDE,479.0,10.0
HOMICIDE,480.0,1.0
HOMICIDE,481.0,1.0
HOMICIDE,483.0,1.0
HOMICIDE,486.0,4.0
HOMICIDE,487.0,3.0
HOMICIDE,488.0,2.0
HOMICIDE,489.0,1.0
HOMICIDE,491.0,1.0
HOMICIDE,492.0,3.0
HOMICIDE,494.0,3.0
HOMICIDE,495.0,7.0
HOMICIDE,496.0,10.0
HOMICIDE,497.0,5.0
HOMICIDE,498.0,3.0
HOMICIDE,501.0,3.0
HOMICIDE,503.0,1.0
HOMICIDE,504.0,6.0
HOMICIDE,505.0,5.0
HOMICIDE,506.0,1.0
HOMICIDE,507.0,8.0
HOMICIDE,508.0,3.0
HOMICIDE,509.0,2.0
HOMICIDE,511.0,7.0
HOMICIDE,512.0,6.0
HOMICIDE,513.0,6.0
HOMICIDE,514.0,7.0
HOMICIDE,515.0,1.0
HOMICIDE,516.0,1.0
HOMICIDE,518.0,2.0
HOMICIDE,521.0,2.0
HOMICIDE,523.0,3.0
HOMICIDE,524.0,15.0
HOMICIDE,525.0,3.0
HOMICIDE,526.0,1.0
HOMICIDE,527.0,1.0
HOMICIDE,528.0,7.0
HOMICIDE,529.0,4.0
HOMICIDE,530.0,6.0
HOMICIDE,531.0,8.0
HOMICIDE,532.0,9.0
HOMICIDE,534.0,1.0
HOMICIDE,541.0,2.0
HOMICIDE,542.0,2.0
HOMICIDE,544.0,1.0
HOMICIDE,546.0,2.0
HOMICIDE,554.0,2.0
HOMICIDE,557.0,2.0
HOMICIDE,558.0,5.0
HOMICIDE,561.0,2.0
HOMICIDE,562.0,14.0
HOMICIDE,565.0,3.0
HOMICIDE,567.0,1.0
HOMICIDE,568.0,7.0
HOMICIDE,569.0,8.0
HOMICIDE,570.0,7.0
HOMICIDE,571.0,3.0
HOMICIDE,572.0,9.0
HOMICIDE,573.0,6.0
HOMICIDE,574.0,5.0
HOMICIDE,575.0,3.0
HOMICIDE,577.0,1.0
HOMICIDE,578.0,1.0
HOMICIDE,579.0,4.0
HOMICIDE,580.0,1.0
HOMICIDE,582.0,1.0
HOMICIDE,583.0,2.0
HOMICIDE,584.0,22.0
HOMICIDE,585.0,11.0
HOMICIDE,586.0,1.0
HOMICIDE,592.0,5.0
HOMICIDE,593.0,8.0
HOMICIDE,594.0,4.0
HOMICIDE,595.0,3.0
HOMICIDE,596.0,2.0
HOMICIDE,597.0,9.0
HOMICIDE,599.0,5.0
HOMICIDE,600.0,5.0
HOMICIDE,602.0,6.0
HOMICIDE,604.0,4.0
HOMICIDE,605.0,2.0
HOMICIDE,606.0,2.0
HOMICIDE,608.0,5.0
HOMICIDE,611.0,2.0
HOMICIDE,612.0,3.0
HOMICIDE,613.0,1.0
HOMICIDE,617.0,2.0
HOMICIDE,618.0,11.0
HOMICIDE,619.0,2.0
HOMICIDE,626.0,1.0
HOMICIDE,628.0,1.0
HOMICIDE,630.0,2.0
HOMICIDE,631.0,1.0
HOMICIDE,632.0,1.0
HOMICIDE,638.0,2.0
HOMICIDE,639.0,2.0
HOMICIDE,641.0,1.0
HOMICIDE,642.0,7.0
HOMICIDE,643.0,6.0
HOMICIDE,652.0,1.0
HOMICIDE,658.0,2.0
HOMICIDE,659.0,4.0
HOMICIDE,660.0,8.0
HOMICIDE,662.0,3.0
HOMICIDE,663.0,4.0
HOMICIDE,666.0,1.0
HOMICIDE,669.0,2.0
HOMICIDE,670.0,1.0
HOMICIDE,671.0,6.0
HOMICIDE,672.0,6.0
HOMICIDE,673.0,7.0
HOMICIDE,674.0,16.0
HOMICIDE,675.0,11.0
HOMICIDE,677.0,1.0
HOMICIDE,684.0,1.0
HOMICIDE,686.0,3.0
HOMICIDE,687.0,5.0
HOMICIDE,693.0,1.0
HOMICIDE,694.0,9.0
HOMICIDE,695.0,5.0
HOMICIDE,696.0,16.0
HOMICIDE,697.0,3.0
HOMICIDE,698.0,1.0
HOMICIDE,700.0,1.0
HOMICIDE,702.0,6.0
HOMICIDE,703.0,3.0
HOMICIDE,704.0,5.0
HOMICIDE,705.0,2.0
HOMICIDE,706.0,3.0
HOMICIDE,708.0,2.0
HOMICIDE,709.0,5.0
HOMICIDE,714.0,1.0
HOMICIDE,716.0,7.0
HOMICIDE,717.0,7.0
HOMICIDE,718.0,1.0
HOMICIDE,721.0,1.0
HOMICIDE,723.0,1.0
HOMICIDE,732.0,6.0
HOMICIDE,736.0,7.0
HOMICIDE,737.0,7.0
HOMICIDE,738.0,2.0
HOMICIDE,739.0,1.0
HOMICIDE,740.0,1.0
HOMICIDE,742.0,1.0
HOMICIDE,747.0,1.0
HOMICIDE,749.0,1.0
HOMICIDE,750.0,1.0
HOMICIDE,752.0,2.0
HOMICIDE,753.0,9.0
HOMICIDE,755.0,2.0
HOMICIDE,756.0,3.0
HOMICIDE,760.0,2.0
HOMICIDE,761.0,15.0
HOMICIDE,762.0,1.0
HOMICIDE,763.0,3.0
HOMICIDE,764.0,4.0
HOMICIDE,765.0,3.0
HOMICIDE,766.0,1.0
HOMICIDE,767.0,7.0
HOMICIDE,768.0,4.0
HOMICIDE,772.0,5.0
HOMICIDE,773.0,1.0
HOMICIDE,774.0,1.0
HOMICIDE,778.0,4.0
HOMICIDE,783.0,4.0
HOMICIDE,784.0,2.0
HOMICIDE,786.0,1.0
HOMICIDE,787.0,1.0
HOMICIDE,789.0,4.0
HOMICIDE,790.0,5.0
HOMICIDE,791.0,5.0
HOMICIDE,792.0,2.0
HOMICIDE,793.0,1.0
HOMICIDE,800.0,5.0
HOMICIDE,801.0,4.0
NARCOTICS,1.0,139.0
NARCOTICS,2.0,41.0
NARCOTICS,3.0,16.0
NARCOTICS,4.0,28.0
NARCOTICS,5.0,20.0
NARCOTICS,6.0,9.0
NARCOTICS,7.0,52.0
NARCOTICS,8.0,1.0
NARCOTICS,9.0,51.0
NARCOTICS,10.0,43.0
NARCOTICS,11.0,67.0
NARCOTICS,12.0,29.0
NARCOTICS,14.0,3.0
NARCOTICS,15.0,12.0
NARCOTICS,16.0,120.0
NARCOTICS,17.0,21.0
NARCOTICS,18.0,2.0
NARCOTICS,19.0,13.0
NARCOTICS,20.0,12.0
NARCOTICS,21.0,63.0
NARCOTICS,22.0,43.0
NARCOTICS,23.0,7.0
NARCOTICS,24.0,17.0
NARCOTICS,25.0,27.0
NARCOTICS,26.0,4.0
NARCOTICS,27.0,9.0
NARCOTICS,28.0,17.0
NARCOTICS,29.0,22.0
NARCOTICS,30.0,11.0
NARCOTICS,31.0,27.0
NARCOTICS,32.0,4.0
NARCOTICS,33.0,826.0
NARCOTICS,34.0,664.0
NARCOTICS,35.0,407.0
NARCOTICS,36.0,203.0
NARCOTICS,37.0,57.0
NARCOTICS,38.0,68.0
NARCOTICS,39.0,200.0
NARCOTICS,40.0,6.0
NARCOTICS,41.0,2.0
NARCOTICS,42.0,4.0
NARCOTICS,43.0,10.0
NARCOTICS,44.0,3.0
NARCOTICS,46.0,6.0
NARCOTICS,47.0,8.0
NARCOTICS,49.0,10.0
NARCOTICS,50.0,78.0
NARCOTICS,51.0,90.0
NARCOTICS,52.0,11.0
NARCOTICS,53.0,9.0
NARCOTICS,54.0,7.0
NARCOTICS,55.0,7.0
NARCOTICS,56.0,6.0
NARCOTICS,57.0,29.0
NARCOTICS,58.0,25.0
NARCOTICS,59.0,8.0
NARCOTICS,60.0,86.0
NARCOTICS,61.0,93.0
NARCOTICS,62.0,34.0
NARCOTICS,63.0,9.0
NARCOTICS,64.0,2.0
NARCOTICS,65.0,15.0
NARCOTICS,66.0,5.0
NARCOTICS,67.0,75.0
NARCOTICS,68.0,224.0
NARCOTICS,69.0,853.0
NARCOTICS,70.0,5.0
NARCOTICS,71.0,13.0
NARCOTICS,72.0,9.0
NARCOTICS,73.0,11.0
NARCOTICS,74.0,12.0
NARCOTICS,75.0,14.0
NARCOTICS,76.0,25.0
NARCOTICS,77.0,23.0
NARCOTICS,78.0,21.0
NARCOTICS,79.0,9.0
NARCOTICS,80.0,24.0
NARCOTICS,81.0,25.0
NARCOTICS,82.0,16.0
NARCOTICS,83.0,1.0
NARCOTICS,84.0,15.0
NARCOTICS,85.0,66.0
NARCOTICS,86.0,32.0
NARCOTICS,87.0,6.0
NARCOTICS,88.0,2.0
NARCOTICS,89.0,51.0
NARCOTICS,90.0,24.0
NARCOTICS,91.0,13.0
NARCOTICS,92.0,79.0
NARCOTICS,93.0,4.0
NARCOTICS,94.0,6.0
NARCOTICS,95.0,3.0
NARCOTICS,96.0,60.0
NARCOTICS,97.0,33.0
NARCOTICS,98.0,1029.0
NARCOTICS,99.0,98.0
NARCOTICS,101.0,2.0
NARCOTICS,102.0,1.0
NARCOTICS,103.0,10.0
NARCOTICS,104.0,12.0
NARCOTICS,105.0,2.0
NARCOTICS,106.0,5.0
NARCOTICS,107.0,21.0
NARCOTICS,108.0,30.0
NARCOTICS,109.0,4.0
NARCOTICS,110.0,24.0
NARCOTICS,111.0,91.0
NARCOTICS,112.0,33.0
NARCOTICS,113.0,75.0
NARCOTICS,114.0,25.0
NARCOTICS,115.0,12.0
NARCOTICS,116.0,4.0
NARCOTICS,117.0,4.0
NARCOTICS,118.0,2.0
NARCOTICS,119.0,25.0
NARCOTICS,120.0,7.0
NARCOTICS,121.0,44.0
NARCOTICS,122.0,25.0
NARCOTICS,123.0,34.0
NARCOTICS,124.0,50.0
NARCOTICS,125.0,189.0
NARCOTICS,126.0,19.0
NARCOTICS,127.0,1.0
NARCOTICS,128.0,1.0
NARCOTICS,129.0,13.0
NARCOTICS,130.0,1.0
NARCOTICS,131.0,9.0
NARCOTICS,132.0,343.0
NARCOTICS,133.0,49.0
NARCOTICS,134.0,29.0
NARCOTICS,135.0,33.0
NARCOTICS,136.0,20.0
NARCOTICS,137.0,15.0
NARCOTICS,138.0,16.0
NARCOTICS,139.0,14.0
NARCOTICS,140.0,44.0
NARCOTICS,141.0,91.0
NARCOTICS,142.0,8.0
NARCOTICS,143.0,1.0
NARCOTICS,145.0,3.0
NARCOTICS,146.0,19.0
NARCOTICS,148.0,10.0
NARCOTICS,149.0,4.0
NARCOTICS,150.0,310.0
NARCOTICS,151.0,25.0
NARCOTICS,152.0,110.0
NARCOTICS,154.0,13.0
NARCOTICS,155.0,5.0
NARCOTICS,156.0,18.0
NARCOTICS,157.0,173.0
NARCOTICS,158.0,24.0
NARCOTICS,159.0,13.0
NARCOTICS,161.0,24.0
NARCOTICS,162.0,13.0
NARCOTICS,163.0,65.0
NARCOTICS,164.0,18.0
NARCOTICS,165.0,15.0
NARCOTICS,166.0,79.0
NARCOTICS,167.0,19.0
NARCOTICS,168.0,3.0
NARCOTICS,169.0,3.0
NARCOTICS,171.0,13.0
NARCOTICS,172.0,12.0
NARCOTICS,173.0,16.0
NARCOTICS,174.0,42.0
NARCOTICS,175.0,43.0
NARCOTICS,176.0,166.0
NARCOTICS,177.0,266.0
NARCOTICS,179.0,5.0
NARCOTICS,180.0,4.0
NARCOTICS,182.0,19.0
NARCOTICS,183.0,24.0
NARCOTICS,184.0,139.0
NARCOTICS,186.0,11.0
NARCOTICS,187.0,73.0
NARCOTICS,188.0,98.0
NARCOTICS,189.0,17.0
NARCOTICS,190.0,32.0
NARCOTICS,191.0,3.0
NARCOTICS,192.0,20.0
NARCOTICS,193.0,14.0
NARCOTICS,194.0,46.0
NARCOTICS,195.0,66.0
NARCOTICS,196.0,17.0
NARCOTICS,197.0,9.0
NARCOTICS,198.0,1.0
NARCOTICS,199.0,13.0
NARCOTICS,200.0,19.0
NARCOTICS,201.0,52.0
NARCOTICS,202.0,70.0
NARCOTICS,203.0,53.0
NARCOTICS,204.0,25.0
NARCOTICS,205.0,33.0
NARCOTICS,206.0,12.0
NARCOTICS,207.0,3.0
NARCOTICS,208.0,1.0
NARCOTICS,209.0,4.0
NARCOTICS,210.0,7.0
NARCOTICS,211.0,7.0
NARCOTICS,213.0,2.0
NARCOTICS,214.0,1.0
NARCOTICS,215.0,12.0
NARCOTICS,216.0,4.0
NARCOTICS,217.0,4.0
NARCOTICS,218.0,55.0
NARCOTICS,219.0,1.0
NARCOTICS,220.0,12.0
NARCOTICS,221.0,2.0
NARCOTICS,222.0,42.0
NARCOTICS,223.0,3.0
NARCOTICS,224.0,81.0
NARCOTICS,225.0,5.0
NARCOTICS,226.0,41.0
NARCOTICS,227.0,11.0
NARCOTICS,228.0,2.0
NARCOTICS,229.0,50.0
NARCOTICS,230.0,6.0
NARCOTICS,231.0,9.0
NARCOTICS,232.0,2.0
NARCOTICS,233.0,3.0
NARCOTICS,234.0,24.0
NARCOTICS,235.0,16.0
NARCOTICS,236.0,68.0
NARCOTICS,237.0,60.0
NARCOTICS,238.0,14.0
NARCOTICS,239.0,3.0
NARCOTICS,240.0,4.0
NARCOTICS,241.0,78.0
NARCOTICS,242.0,17.0
NARCOTICS,243.0,9.0
NARCOTICS,244.0,84.0
NARCOTICS,245.0,124.0
NARCOTICS,246.0,137.0
NARCOTICS,247.0,104.0
NARCOTICS,248.0,20.0
NARCOTICS,249.0,1.0
NARCOTICS,250.0,1.0
NARCOTICS,251.0,9.0
NARCOTICS,252.0,72.0
NARCOTICS,253.0,113.0
NARCOTICS,254.0,25.0
NARCOTICS,255.0,67.0
NARCOTICS,256.0,2.0
NARCOTICS,257.0,14.0
NARCOTICS,258.0,7.0
NARCOTICS,259.0,14.0
NARCOTICS,260.0,13.0
NARCOTICS,261.0,55.0
NARCOTICS,262.0,25.0
NARCOTICS,263.0,35.0
NARCOTICS,264.0,4.0
NARCOTICS,265.0,17.0
NARCOTICS,266.0,10.0
NARCOTICS,267.0,12.0
NARCOTICS,268.0,4.0
NARCOTICS,269.0,1.0
NARCOTICS,270.0,3.0
NARCOTICS,271.0,11.0
NARCOTICS,273.0,2.0
NARCOTICS,274.0,42.0
NARCOTICS,275.0,33.0
NARCOTICS,276.0,52.0
NARCOTICS,277.0,131.0
NARCOTICS,278.0,34.0
NARCOTICS,279.0,39.0
NARCOTICS,280.0,47.0
NARCOTICS,281.0,73.0
NARCOTICS,282.0,48.0
NARCOTICS,283.0,128.0
NARCOTICS,284.0,112.0
NARCOTICS,285.0,27.0
NARCOTICS,286.0,119.0
NARCOTICS,287.0,4.0
NARCOTICS,288.0,11.0
NARCOTICS,289.0,17.0
NARCOTICS,290.0,19.0
NARCOTICS,291.0,74.0
NARCOTICS,292.0,23.0
NARCOTICS,293.0,43.0
NARCOTICS,294.0,5.0
NARCOTICS,295.0,6.0
NARCOTICS,296.0,9.0
NARCOTICS,297.0,104.0
NARCOTICS,298.0,7.0
NARCOTICS,299.0,1.0
NARCOTICS,300.0,5.0
NARCOTICS,301.0,33.0
NARCOTICS,302.0,14.0
NARCOTICS,303.0,22.0
NARCOTICS,304.0,29.0
NARCOTICS,305.0,16.0
NARCOTICS,306.0,36.0
NARCOTICS,307.0,76.0
NARCOTICS,308.0,3.0
NARCOTICS,309.0,46.0
NARCOTICS,310.0,50.0
NARCOTICS,311.0,7.0
NARCOTICS,312.0,29.0
NARCOTICS,315.0,26.0
NARCOTICS,316.0,6.0
NARCOTICS,317.0,13.0
NARCOTICS,318.0,16.0
NARCOTICS,319.0,148.0
NARCOTICS,320.0,21.0
NARCOTICS,321.0,7.0
NARCOTICS,322.0,13.0
NARCOTICS,323.0,3.0
NARCOTICS,324.0,3.0
NARCOTICS,325.0,10.0
NARCOTICS,326.0,6.0
NARCOTICS,327.0,13.0
NARCOTICS,328.0,4.0
NARCOTICS,329.0,15.0
NARCOTICS,330.0,26.0
NARCOTICS,331.0,89.0
NARCOTICS,332.0,135.0
NARCOTICS,333.0,54.0
NARCOTICS,335.0,8.0
NARCOTICS,336.0,1.0
NARCOTICS,337.0,12.0
NARCOTICS,338.0,4.0
NARCOTICS,339.0,28.0
NARCOTICS,340.0,65.0
NARCOTICS,341.0,8.0
NARCOTICS,342.0,12.0
NARCOTICS,343.0,16.0
NARCOTICS,344.0,19.0
NARCOTICS,345.0,45.0
NARCOTICS,346.0,6.0
NARCOTICS,347.0,41.0
NARCOTICS,348.0,42.0
NARCOTICS,349.0,14.0
NARCOTICS,350.0,3.0
NARCOTICS,351.0,6.0
NARCOTICS,352.0,5.0
NARCOTICS,353.0,6.0
NARCOTICS,354.0,17.0
NARCOTICS,355.0,13.0
NARCOTICS,357.0,15.0
NARCOTICS,358.0,17.0
NARCOTICS,359.0,5.0
NARCOTICS,360.0,6.0
NARCOTICS,361.0,19.0
NARCOTICS,362.0,2.0
NARCOTICS,363.0,5.0
NARCOTICS,364.0,12.0
NARCOTICS,365.0,31.0
NARCOTICS,366.0,18.0
NARCOTICS,367.0,33.0
NARCOTICS,368.0,9.0
NARCOTICS,369.0,4.0
NARCOTICS,370.0,79.0
NARCOTICS,371.0,6.0
NARCOTICS,372.0,4.0
NARCOTICS,373.0,3.0
NARCOTICS,374.0,20.0
NARCOTICS,375.0,3.0
NARCOTICS,376.0,3.0
NARCOTICS,377.0,4.0
NARCOTICS,378.0,55.0
NARCOTICS,379.0,5.0
NARCOTICS,380.0,12.0
NARCOTICS,381.0,81.0
NARCOTICS,382.0,43.0
NARCOTICS,383.0,73.0
NARCOTICS,384.0,92.0
NARCOTICS,385.0,56.0
NARCOTICS,386.0,3.0
NARCOTICS,387.0,4.0
NARCOTICS,388.0,11.0
NARCOTICS,389.0,4.0
NARCOTICS,390.0,5.0
NARCOTICS,391.0,14.0
NARCOTICS,392.0,5.0
NARCOTICS,393.0,46.0
NARCOTICS,394.0,4.0
NARCOTICS,395.0,3.0
NARCOTICS,396.0,9.0
NARCOTICS,397.0,7.0
NARCOTICS,398.0,7.0
NARCOTICS,399.0,1.0
NARCOTICS,400.0,5.0
NARCOTICS,401.0,18.0
NARCOTICS,402.0,12.0
NARCOTICS,403.0,34.0
NARCOTICS,404.0,48.0
NARCOTICS,405.0,1.0
NARCOTICS,406.0,35.0
NARCOTICS,407.0,19.0
NARCOTICS,408.0,32.0
NARCOTICS,409.0,178.0
NARCOTICS,410.0,99.0
NARCOTICS,411.0,9.0
NARCOTICS,413.0,2.0
NARCOTICS,414.0,2.0
NARCOTICS,415.0,5.0
NARCOTICS,416.0,22.0
NARCOTICS,417.0,4.0
NARCOTICS,418.0,13.0
NARCOTICS,419.0,18.0
NARCOTICS,420.0,35.0
NARCOTICS,421.0,69.0
NARCOTICS,422.0,8.0
NARCOTICS,423.0,225.0
NARCOTICS,424.0,3.0
NARCOTICS,425.0,9.0
NARCOTICS,426.0,9.0
NARCOTICS,428.0,15.0
NARCOTICS,429.0,20.0
NARCOTICS,430.0,33.0
NARCOTICS,431.0,45.0
NARCOTICS,432.0,24.0
NARCOTICS,433.0,61.0
NARCOTICS,434.0,60.0
NARCOTICS,435.0,137.0
NARCOTICS,436.0,116.0
NARCOTICS,438.0,2.0
NARCOTICS,439.0,20.0
NARCOTICS,440.0,2.0
NARCOTICS,442.0,5.0
NARCOTICS,443.0,8.0
NARCOTICS,444.0,4.0
NARCOTICS,445.0,3.0
NARCOTICS,446.0,38.0
NARCOTICS,447.0,43.0
NARCOTICS,448.0,89.0
NARCOTICS,449.0,29.0
NARCOTICS,450.0,3.0
NARCOTICS,451.0,28.0
NARCOTICS,452.0,25.0
NARCOTICS,453.0,18.0
NARCOTICS,454.0,168.0
NARCOTICS,455.0,34.0
NARCOTICS,456.0,1487.0
NARCOTICS,458.0,5.0
NARCOTICS,459.0,4.0
NARCOTICS,460.0,16.0
NARCOTICS,461.0,13.0
NARCOTICS,463.0,9.0
NARCOTICS,464.0,6.0
NARCOTICS,465.0,1.0
NARCOTICS,467.0,1.0
NARCOTICS,468.0,3.0
NARCOTICS,469.0,2.0
NARCOTICS,470.0,10.0
NARCOTICS,471.0,29.0
NARCOTICS,472.0,65.0
NARCOTICS,473.0,28.0
NARCOTICS,474.0,53.0
NARCOTICS,475.0,76.0
NARCOTICS,476.0,1.0
NARCOTICS,477.0,1.0
NARCOTICS,478.0,127.0
NARCOTICS,479.0,57.0
NARCOTICS,480.0,14.0
NARCOTICS,481.0,21.0
NARCOTICS,482.0,6.0
NARCOTICS,483.0,3.0
NARCOTICS,484.0,5.0
NARCOTICS,485.0,2.0
NARCOTICS,486.0,14.0
NARCOTICS,487.0,137.0
NARCOTICS,488.0,6.0
NARCOTICS,489.0,25.0
NARCOTICS,490.0,7.0
NARCOTICS,491.0,26.0
NARCOTICS,492.0,43.0
NARCOTICS,493.0,36.0
NARCOTICS,494.0,108.0
NARCOTICS,495.0,166.0
NARCOTICS,496.0,76.0
NARCOTICS,497.0,104.0
NARCOTICS,498.0,26.0
NARCOTICS,499.0,4.0
NARCOTICS,500.0,3.0
NARCOTICS,501.0,1.0
NARCOTICS,502.0,3.0
NARCOTICS,504.0,71.0
NARCOTICS,505.0,84.0
NARCOTICS,506.0,22.0
NARCOTICS,507.0,60.0
NARCOTICS,508.0,17.0
NARCOTICS,509.0,39.0
NARCOTICS,510.0,22.0
NARCOTICS,511.0,78.0
NARCOTICS,512.0,66.0
NARCOTICS,513.0,73.0
NARCOTICS,514.0,46.0
NARCOTICS,515.0,51.0
NARCOTICS,516.0,3.0
NARCOTICS,517.0,1.0
NARCOTICS,518.0,3.0
NARCOTICS,520.0,3.0
NARCOTICS,521.0,10.0
NARCOTICS,522.0,4.0
NARCOTICS,523.0,69.0
NARCOTICS,524.0,116.0
NARCOTICS,525.0,22.0
NARCOTICS,526.0,18.0
NARCOTICS,527.0,24.0
NARCOTICS,528.0,27.0
NARCOTICS,529.0,90.0
NARCOTICS,530.0,104.0
NARCOTICS,531.0,50.0
NARCOTICS,532.0,59.0
NARCOTICS,533.0,69.0
NARCOTICS,534.0,3.0
NARCOTICS,535.0,3.0
NARCOTICS,536.0,8.0
NARCOTICS,537.0,5.0
NARCOTICS,539.0,15.0
NARCOTICS,540.0,12.0
NARCOTICS,541.0,10.0
NARCOTICS,542.0,7.0
NARCOTICS,543.0,8.0
NARCOTICS,544.0,7.0
NARCOTICS,545.0,7.0
NARCOTICS,546.0,8.0
NARCOTICS,547.0,6.0
NARCOTICS,549.0,3.0
NARCOTICS,550.0,12.0
NARCOTICS,552.0,6.0
NARCOTICS,553.0,1.0
NARCOTICS,554.0,16.0
NARCOTICS,555.0,9.0
NARCOTICS,556.0,48.0
NARCOTICS,557.0,34.0
NARCOTICS,558.0,50.0
NARCOTICS,559.0,1.0
NARCOTICS,561.0,2.0
NARCOTICS,562.0,201.0
NARCOTICS,563.0,5.0
NARCOTICS,564.0,5.0
NARCOTICS,565.0,60.0
NARCOTICS,566.0,10.0
NARCOTICS,567.0,20.0
NARCOTICS,568.0,39.0
NARCOTICS,569.0,80.0
NARCOTICS,570.0,66.0
NARCOTICS,571.0,7.0
NARCOTICS,572.0,91.0
NARCOTICS,573.0,98.0
NARCOTICS,574.0,110.0
NARCOTICS,575.0,69.0
NARCOTICS,576.0,2.0
NARCOTICS,577.0,4.0
NARCOTICS,578.0,44.0
NARCOTICS,579.0,12.0
NARCOTICS,580.0,75.0
NARCOTICS,581.0,5.0
NARCOTICS,582.0,1.0
NARCOTICS,583.0,11.0
NARCOTICS,584.0,1366.0
NARCOTICS,585.0,154.0
NARCOTICS,586.0,4.0
NARCOTICS,587.0,8.0
NARCOTICS,588.0,7.0
NARCOTICS,589.0,7.0
NARCOTICS,590.0,13.0
NARCOTICS,591.0,10.0
NARCOTICS,592.0,28.0
NARCOTICS,593.0,37.0
NARCOTICS,594.0,16.0
NARCOTICS,595.0,26.0
NARCOTICS,596.0,52.0
NARCOTICS,597.0,31.0
NARCOTICS,598.0,5.0
NARCOTICS,599.0,134.0
NARCOTICS,600.0,56.0
NARCOTICS,601.0,42.0
NARCOTICS,602.0,23.0
NARCOTICS,603.0,13.0
NARCOTICS,604.0,35.0
NARCOTICS,605.0,22.0
NARCOTICS,606.0,11.0
NARCOTICS,607.0,8.0
NARCOTICS,608.0,24.0
NARCOTICS,609.0,3.0
NARCOTICS,611.0,16.0
NARCOTICS,612.0,4.0
NARCOTICS,613.0,1.0
NARCOTICS,615.0,2.0
NARCOTICS,616.0,5.0
NARCOTICS,617.0,16.0
NARCOTICS,618.0,154.0
NARCOTICS,619.0,203.0
NARCOTICS,620.0,8.0
NARCOTICS,621.0,6.0
NARCOTICS,622.0,1.0
NARCOTICS,623.0,2.0
NARCOTICS,625.0,5.0
NARCOTICS,626.0,32.0
NARCOTICS,627.0,2.0
NARCOTICS,628.0,5.0
NARCOTICS,629.0,1.0
NARCOTICS,630.0,8.0
NARCOTICS,631.0,22.0
NARCOTICS,632.0,24.0
NARCOTICS,633.0,3.0
NARCOTICS,634.0,35.0
NARCOTICS,635.0,6.0
NARCOTICS,636.0,9.0
NARCOTICS,637.0,8.0
NARCOTICS,638.0,22.0
NARCOTICS,639.0,18.0
NARCOTICS,640.0,20.0
NARCOTICS,641.0,34.0
NARCOTICS,642.0,35.0
NARCOTICS,643.0,21.0
NARCOTICS,644.0,2.0
NARCOTICS,646.0,1.0
NARCOTICS,649.0,3.0
NARCOTICS,650.0,2.0
NARCOTICS,651.0,7.0
NARCOTICS,652.0,21.0
NARCOTICS,653.0,2.0
NARCOTICS,655.0,1.0
NARCOTICS,656.0,5.0
NARCOTICS,657.0,5.0
NARCOTICS,658.0,230.0
NARCOTICS,659.0,451.0
NARCOTICS,660.0,83.0
NARCOTICS,661.0,3.0
NARCOTICS,662.0,14.0
NARCOTICS,663.0,36.0
NARCOTICS,664.0,8.0
NARCOTICS,665.0,2.0
NARCOTICS,666.0,4.0
NARCOTICS,667.0,4.0
NARCOTICS,668.0,208.0
NARCOTICS,669.0,24.0
NARCOTICS,670.0,32.0
NARCOTICS,671.0,56.0
NARCOTICS,672.0,44.0
NARCOTICS,673.0,135.0
NARCOTICS,674.0,253.0
NARCOTICS,675.0,742.0
NARCOTICS,676.0,30.0
NARCOTICS,677.0,61.0
NARCOTICS,678.0,1.0
NARCOTICS,680.0,2.0
NARCOTICS,681.0,6.0
NARCOTICS,682.0,2.0
NARCOTICS,684.0,3.0
NARCOTICS,685.0,103.0
NARCOTICS,686.0,18.0
NARCOTICS,687.0,21.0
NARCOTICS,688.0,5.0
NARCOTICS,690.0,1.0
NARCOTICS,691.0,3.0
NARCOTICS,692.0,1.0
NARCOTICS,693.0,7.0
NARCOTICS,694.0,262.0
NARCOTICS,695.0,98.0
NARCOTICS,696.0,399.0
NARCOTICS,697.0,21.0
NARCOTICS,698.0,9.0
NARCOTICS,699.0,7.0
NARCOTICS,700.0,3.0
NARCOTICS,701.0,3.0
NARCOTICS,702.0,116.0
NARCOTICS,703.0,121.0
NARCOTICS,704.0,191.0
NARCOTICS,705.0,23.0
NARCOTICS,706.0,39.0
NARCOTICS,707.0,3.0
NARCOTICS,708.0,13.0
NARCOTICS,709.0,28.0
NARCOTICS,710.0,3.0
NARCOTICS,712.0,2.0
NARCOTICS,713.0,1.0
NARCOTICS,714.0,90.0
NARCOTICS,715.0,14.0
NARCOTICS,716.0,207.0
NARCOTICS,717.0,255.0
NARCOTICS,718.0,25.0
NARCOTICS,719.0,9.0
NARCOTICS,720.0,14.0
NARCOTICS,721.0,15.0
NARCOTICS,722.0,7.0
NARCOTICS,723.0,4.0
NARCOTICS,726.0,3.0
NARCOTICS,727.0,9.0
NARCOTICS,728.0,3.0
NARCOTICS,730.0,10.0
NARCOTICS,731.0,15.0
NARCOTICS,732.0,133.0
NARCOTICS,733.0,5.0
NARCOTICS,734.0,10.0
NARCOTICS,735.0,4.0
NARCOTICS,736.0,764.0
NARCOTICS,737.0,218.0
NARCOTICS,738.0,28.0
NARCOTICS,739.0,48.0
NARCOTICS,740.0,57.0
NARCOTICS,741.0,1.0
NARCOTICS,742.0,1.0
NARCOTICS,743.0,3.0
NARCOTICS,744.0,6.0
NARCOTICS,745.0,1.0
NARCOTICS,746.0,5.0
NARCOTICS,747.0,10.0
NARCOTICS,748.0,3.0
NARCOTICS,749.0,3.0
NARCOTICS,750.0,17.0
NARCOTICS,751.0,4.0
NARCOTICS,752.0,111.0
NARCOTICS,753.0,180.0
NARCOTICS,754.0,21.0
NARCOTICS,755.0,81.0
NARCOTICS,756.0,23.0
NARCOTICS,757.0,6.0
NARCOTICS,758.0,3.0
NARCOTICS,760.0,4.0
NARCOTICS,761.0,476.0
NARCOTICS,762.0,4.0
NARCOTICS,763.0,17.0
NARCOTICS,764.0,20.0
NARCOTICS,765.0,157.0
NARCOTICS,766.0,14.0
NARCOTICS,767.0,48.0
NARCOTICS,768.0,18.0
NARCOTICS,769.0,4.0
NARCOTICS,770.0,2.0
NARCOTICS,771.0,39.0
NARCOTICS,772.0,243.0
NARCOTICS,773.0,26.0
NARCOTICS,774.0,21.0
NARCOTICS,775.0,21.0
NARCOTICS,776.0,39.0
NARCOTICS,777.0,33.0
NARCOTICS,778.0,34.0
NARCOTICS,779.0,2.0
NARCOTICS,780.0,22.0
NARCOTICS,781.0,1.0
NARCOTICS,782.0,2.0
NARCOTICS,783.0,116.0
NARCOTICS,784.0,15.0
NARCOTICS,785.0,26.0
NARCOTICS,786.0,72.0
NARCOTICS,787.0,16.0
NARCOTICS,788.0,32.0
NARCOTICS,789.0,25.0
NARCOTICS,790.0,63.0
NARCOTICS,791.0,33.0
NARCOTICS,792.0,11.0
NARCOTICS,793.0,8.0
NARCOTICS,794.0,3.0
NARCOTICS,795.0,4.0
NARCOTICS,796.0,1.0
NARCOTICS,797.0,13.0
NARCOTICS,798.0,11.0
NARCOTICS,799.0,3.0
NARCOTICS,800.0,217.0
NARCOTICS,801.0,20.0
OTHER NARCOTIC VIOLATION,12.0,1.0
OTHER NARCOTIC VIOLATION,64.0,1.0
OTHER NARCOTIC VIOLATION,92.0,2.0
OTHER NARCOTIC VIOLATION,99.0,1.0
OTHER NARCOTIC VIOLATION,129.0,1.0
OTHER NARCOTIC VIOLATION,159.0,1.0
OTHER NARCOTIC VIOLATION,193.0,1.0
OTHER NARCOTIC VIOLATION,342.0,1.0
OTHER NARCOTIC VIOLATION,358.0,1.0
OTHER NARCOTIC VIOLATION,368.0,2.0
OTHER NARCOTIC VIOLATION,459.0,1.0
OTHER NARCOTIC VIOLATION,498.0,1.0
OTHER NARCOTIC VIOLATION,567.0,1.0
OTHER NARCOTIC VIOLATION,590.0,1.0
